<?xml version = '1.0' encoding = 'UTF-8'?>
<Entity class="oracle.dbtools.crest.model.design.logical.Entity" directorySegmentName="seg_0" id="E178316E-FC38-8B91-28E9-2A5957B7B968" name="Film Details">
<createdBy>tommy</createdBy>
<createdTime>2021-01-06 17:17:30 UTC</createdTime>
<ownerDesignName>Projekt</ownerDesignName>
<engineerTo>
<item key="35AB4B0B-898C-C36D-4B78-A3621E864C10" value="true"/>
</engineerTo>
<adequatelyNormalized>NO</adequatelyNormalized>
<expectedVolumes>0</expectedVolumes>
<fwdEngineeringStrategyName>Single Table</fwdEngineeringStrategyName>
<growthPercent>0</growthPercent>
<growthType>Year</growthType>
<maxVolumes>9999999</maxVolumes>
<minVolumes>0</minVolumes>
<normalForm>Third</normalForm>
<attributes itemClass="oracle.dbtools.crest.model.design.logical.Attribute">
<Attribute name="ID_Film" id="752B78F6-9D9C-ED4E-4A87-EB939F156940">
<createdBy>tommy</createdBy>
<createdTime>2021-01-17 12:57:58 UTC</createdTime>
<ownerDesignName>Projekt</ownerDesignName>
<engineerTo>
<item key="35AB4B0B-898C-C36D-4B78-A3621E864C10" value="true"/>
</engineerTo>
<use>0</use>
<ownDataTypeParameters>,,</ownDataTypeParameters>
</Attribute>
<Attribute name="ID" id="B2BF1888-7DC7-28BF-3DDB-FFF4F80DF5BC">
<createdBy>tommy</createdBy>
<createdTime>2021-01-06 17:18:12 UTC</createdTime>
<generatorID>3D964B5E-A5A9-FDDC-31B5-392FD65C4894</generatorID>
<ownerDesignName>Projekt</ownerDesignName>
<engineerTo>
<item key="35AB4B0B-898C-C36D-4B78-A3621E864C10" value="true"/>
</engineerTo>
<referedAttribute>B27124CE-92EF-558A-2FD7-8B81987012A3</referedAttribute>
<useDomainConstraints>false</useDomainConstraints>
<use>1</use>
<logicalDatatype>LOGDT011</logicalDatatype>
<ownDataTypeParameters>,,</ownDataTypeParameters>
</Attribute>
<Attribute name="ID2" id="B0406B89-8526-7576-A28B-3BC40E717D1E">
<createdBy>tommy</createdBy>
<createdTime>2021-01-06 17:19:46 UTC</createdTime>
<generatorID>8F63268C-68A9-18D5-DEE7-B56BCDDFB10B</generatorID>
<ownerDesignName>Projekt</ownerDesignName>
<engineerTo>
<item key="35AB4B0B-898C-C36D-4B78-A3621E864C10" value="true"/>
</engineerTo>
<referedAttribute>5AC02693-B4A0-010A-0B47-E7EE0CFF7A48</referedAttribute>
<useDomainConstraints>false</useDomainConstraints>
<use>1</use>
<logicalDatatype>LOGDT011</logicalDatatype>
<ownDataTypeParameters>,,</ownDataTypeParameters>
</Attribute>
<Attribute name="ID3" id="0F2A8F71-91A8-6870-EDEF-C3EC0B3448A6">
<createdBy>tommy</createdBy>
<createdTime>2021-01-06 17:19:50 UTC</createdTime>
<generatorID>3ACD52B9-4A1A-7C08-FFEC-D8A934710566</generatorID>
<ownerDesignName>Projekt</ownerDesignName>
<engineerTo>
<item key="35AB4B0B-898C-C36D-4B78-A3621E864C10" value="true"/>
</engineerTo>
<referedAttribute>86EFB1D8-3A04-65AA-1EE6-3930DE16B98D</referedAttribute>
<useDomainConstraints>false</useDomainConstraints>
<use>1</use>
<logicalDatatype>LOGDT011</logicalDatatype>
<ownDataTypeParameters>,,</ownDataTypeParameters>
</Attribute>
<Attribute name="ID4" id="15EF7367-30DB-C957-9A1D-2DD6E1FD3F8C">
<createdBy>tommy</createdBy>
<createdTime>2021-01-06 17:19:56 UTC</createdTime>
<generatorID>0ACB97F0-860A-9D78-2A8E-334DD65B2CB9</generatorID>
<ownerDesignName>Projekt</ownerDesignName>
<engineerTo>
<item key="35AB4B0B-898C-C36D-4B78-A3621E864C10" value="true"/>
</engineerTo>
<referedAttribute>8AF69F61-19D0-AC00-BF94-C1CF74384225</referedAttribute>
<useDomainConstraints>false</useDomainConstraints>
<use>1</use>
<logicalDatatype>LOGDT011</logicalDatatype>
<ownDataTypeParameters>,,</ownDataTypeParameters>
</Attribute>
<Attribute name="ID5" id="7EBE4510-C6C5-50D8-B8C0-1DE4451888A9">
<createdBy>tommy</createdBy>
<createdTime>2021-01-06 17:20:06 UTC</createdTime>
<generatorID>5B626F80-3300-E70C-3B3B-1E6208D9C971</generatorID>
<ownerDesignName>Projekt</ownerDesignName>
<engineerTo>
<item key="35AB4B0B-898C-C36D-4B78-A3621E864C10" value="true"/>
</engineerTo>
<referedAttribute>E366591A-8F2F-6B4F-346A-0918CEF99A00</referedAttribute>
<useDomainConstraints>false</useDomainConstraints>
<use>1</use>
<logicalDatatype>LOGDT011</logicalDatatype>
<ownDataTypeParameters>,,</ownDataTypeParameters>
</Attribute>
<Attribute name="ID6" id="D262948F-1684-B3D3-8F63-CC85887AC6BE">
<createdBy>tommy</createdBy>
<createdTime>2021-01-17 12:27:43 UTC</createdTime>
<generatorID>81313001-1CB6-4499-B24B-BDAA2117E64C</generatorID>
<ownerDesignName>Projekt</ownerDesignName>
<engineerTo>
<item key="35AB4B0B-898C-C36D-4B78-A3621E864C10" value="true"/>
</engineerTo>
<referedAttribute>5BE22E66-5F82-97B9-D966-C264E0AE4F83</referedAttribute>
<useDomainConstraints>false</useDomainConstraints>
<use>1</use>
<logicalDatatype>LOGDT011</logicalDatatype>
<ownDataTypeParameters>,,</ownDataTypeParameters>
</Attribute>
<Attribute name="ID1" id="CF67D01B-6028-020D-4362-71DD3D7F11CD">
<createdBy>tommy</createdBy>
<createdTime>2021-01-17 12:28:33 UTC</createdTime>
<generatorID>C57F6DD3-0A03-B2B8-EE46-B224CC5D996A</generatorID>
<ownerDesignName>Projekt</ownerDesignName>
<engineerTo>
<item key="35AB4B0B-898C-C36D-4B78-A3621E864C10" value="true"/>
</engineerTo>
<referedAttribute>E7245CA8-6E05-83BE-968E-B0BD00FFB9A7</referedAttribute>
<useDomainConstraints>false</useDomainConstraints>
<use>1</use>
<logicalDatatype>LOGDT011</logicalDatatype>
<ownDataTypeParameters>,,</ownDataTypeParameters>
</Attribute>
</attributes>
<identifiers itemClass="oracle.dbtools.crest.model.design.logical.CandidateKey">
<identifier id="DFA209B3-30C4-2BDB-81ED-BC29A630E3C1" name="titel_details PK">
<createdBy>tommy</createdBy>
<createdTime>2021-01-17 11:24:34 UTC</createdTime>
<ownerDesignName>Projekt</ownerDesignName>
<shouldEngineer>false</shouldEngineer>
<engineerTo>
<item key="35AB4B0B-898C-C36D-4B78-A3621E864C10" value="false"/>
</engineerTo>
<pk>true</pk>
<usedAttributes>
<attributeRef>15EF7367-30DB-C957-9A1D-2DD6E1FD3F8C</attributeRef>
<attributeRef>752B78F6-9D9C-ED4E-4A87-EB939F156940</attributeRef>
</usedAttributes>
</identifier>
</identifiers>
</Entity>