<?xml version = '1.0' encoding = 'UTF-8'?>
<Entity class="oracle.dbtools.crest.model.design.logical.Entity" directorySegmentName="seg_0" id="E52C4A1F-2BAE-006C-BB31-DB20E330DD98" name="Schauspieler">
<createdBy>tommy</createdBy>
<createdTime>2021-01-06 16:12:43 UTC</createdTime>
<ownerDesignName>Projekt</ownerDesignName>
<engineerTo>
<item key="35AB4B0B-898C-C36D-4B78-A3621E864C10" value="true"/>
</engineerTo>
<adequatelyNormalized>NO</adequatelyNormalized>
<expectedVolumes>0</expectedVolumes>
<fwdEngineeringStrategyName>Single Table</fwdEngineeringStrategyName>
<growthPercent>0</growthPercent>
<growthType>Year</growthType>
<hierarchicalParent>74C8C921-A466-4F80-0F5D-DB222D6B311D</hierarchicalParent>
<maxVolumes>9999999</maxVolumes>
<minVolumes>0</minVolumes>
<normalForm>Third</normalForm>
<attributes itemClass="oracle.dbtools.crest.model.design.logical.Attribute">
<Attribute name="ID" id="2900E081-C53D-FB62-8C5C-DF384B50EFD4">
<createdBy>tommy</createdBy>
<createdTime>2021-01-06 16:19:42 UTC</createdTime>
<ownerDesignName>Projekt</ownerDesignName>
<engineerTo>
<item key="35AB4B0B-898C-C36D-4B78-A3621E864C10" value="true"/>
</engineerTo>
<useDomainConstraints>false</useDomainConstraints>
<use>1</use>
<logicalDatatype>LOGDT011</logicalDatatype>
<ownDataTypeParameters>,,</ownDataTypeParameters>
</Attribute>
</attributes>
<identifiers itemClass="oracle.dbtools.crest.model.design.logical.CandidateKey">
<identifier id="EF43468B-A0F1-9F38-CDAF-56B2AF74E4AE" name="Schauspieler PK">
<createdBy>tommy</createdBy>
<createdTime>2021-01-06 16:19:51 UTC</createdTime>
<ownerDesignName>Projekt</ownerDesignName>
<engineerTo>
<item key="35AB4B0B-898C-C36D-4B78-A3621E864C10" value="true"/>
</engineerTo>
<pk>true</pk>
<usedAttributes>
<attributeRef>2900E081-C53D-FB62-8C5C-DF384B50EFD4</attributeRef>
</usedAttributes>
</identifier>
</identifiers>
</Entity>