<?xml version = '1.0' encoding = 'UTF-8'?>
<Entity class="oracle.dbtools.crest.model.design.logical.Entity" directorySegmentName="seg_0" id="EFD354AF-F08B-5422-DE08-82BDA8777177" name="Medium Eigenschaften">
<createdBy>tommy</createdBy>
<createdTime>2021-01-06 16:50:14 UTC</createdTime>
<ownerDesignName>Projekt</ownerDesignName>
<engineerTo>
<item key="35AB4B0B-898C-C36D-4B78-A3621E864C10" value="true"/>
</engineerTo>
<adequatelyNormalized>NO</adequatelyNormalized>
<expectedVolumes>0</expectedVolumes>
<fwdEngineeringStrategyName>Single Table</fwdEngineeringStrategyName>
<growthPercent>0</growthPercent>
<growthType>Year</growthType>
<maxVolumes>9999999</maxVolumes>
<minVolumes>0</minVolumes>
<normalForm>Third</normalForm>
<attributes itemClass="oracle.dbtools.crest.model.design.logical.Attribute">
<Attribute name="ID" id="36CFE100-D3C7-931B-1B8E-D83AF7F708FA">
<createdBy>tommy</createdBy>
<createdTime>2021-01-06 16:51:10 UTC</createdTime>
<generatorID>BB8C0F16-72CD-EE5A-AD6A-5E9938874BD0</generatorID>
<ownerDesignName>Projekt</ownerDesignName>
<engineerTo>
<item key="35AB4B0B-898C-C36D-4B78-A3621E864C10" value="true"/>
</engineerTo>
<referedAttribute>B27124CE-92EF-558A-2FD7-8B81987012A3</referedAttribute>
<useDomainConstraints>false</useDomainConstraints>
<use>1</use>
<logicalDatatype>LOGDT011</logicalDatatype>
<ownDataTypeParameters>,,</ownDataTypeParameters>
</Attribute>
<Attribute name="ID1" id="6077B890-0D25-0453-9BC0-AE2018F1C757">
<createdBy>tommy</createdBy>
<createdTime>2021-01-06 16:51:22 UTC</createdTime>
<generatorID>E2016BD1-0CE6-254A-EA32-91975819A9F0</generatorID>
<ownerDesignName>Projekt</ownerDesignName>
<engineerTo>
<item key="35AB4B0B-898C-C36D-4B78-A3621E864C10" value="true"/>
</engineerTo>
<referedAttribute>BD30BDDA-6481-EBBE-ED47-DBFD941E66BA</referedAttribute>
<useDomainConstraints>false</useDomainConstraints>
<use>1</use>
<logicalDatatype>LOGDT011</logicalDatatype>
<ownDataTypeParameters>,,</ownDataTypeParameters>
</Attribute>
</attributes>
</Entity>