<?xml version = '1.0' encoding = 'UTF-8'?>
<Table class="oracle.dbtools.crest.model.design.relational.Table" directorySegmentName="seg_0" id="0A9E4D83-7025-D83D-B2B2-A8B9C45AA9B3" name="Regisseur">
<createdBy>tommy</createdBy>
<createdTime>2021-01-17 12:54:50 UTC</createdTime>
<generatorID>C9CE2032-3AAC-8D78-A118-36E8196473FA</generatorID>
<ownerDesignName>Serien</ownerDesignName>
<allowColumnReorder>false</allowColumnReorder>
<existDependencyGenerateInDDl>true</existDependencyGenerateInDDl>
<parsed>true</parsed>
<columns itemClass="oracle.dbtools.crest.model.design.relational.Column">
<Column name="ID" id="75F13F12-5D50-05BD-22FA-594B08EC5F5A">
<createdBy>tommy</createdBy>
<createdTime>2021-01-17 12:54:50 UTC</createdTime>
<generatorID>5BE22E66-5F82-97B9-D966-C264E0AE4F83</generatorID>
<ownerDesignName>Serien</ownerDesignName>
<useDomainConstraints>false</useDomainConstraints>
<use>1</use>
<logicalDatatype>LOGDT011</logicalDatatype>
<ownDataTypeParameters>,,</ownDataTypeParameters>
<autoIncrementCycle>false</autoIncrementCycle>
<associations>
<colAssociation fkAssociation="5AC3F150-81D3-31FB-4DAF-B7713CE34328" referredColumn="2C9E897C-2F4E-A3F1-D7FF-2CB2DDC0E6EF"/>
</associations>
</Column>
<Column name="ID2" id="94540EA6-D40E-78B2-2D5D-5D6525D1C211">
<createdBy>tommy</createdBy>
<createdTime>2021-01-17 12:54:50 UTC</createdTime>
<generatorID>779D2FB1-82A6-9EEE-9765-E731B4F18955</generatorID>
<ownerDesignName>Serien</ownerDesignName>
<useDomainConstraints>false</useDomainConstraints>
<use>1</use>
<logicalDatatype>LOGDT011</logicalDatatype>
<ownDataTypeParameters>,,</ownDataTypeParameters>
<autoIncrementCycle>false</autoIncrementCycle>
</Column>
<Column name="Vorname" id="91089677-4FBB-17F3-7424-6C7717E715A2">
<createdBy>Philipp</createdBy>
<createdTime>2021-01-21 13:37:14 UTC</createdTime>
<generatorID>73407E9E-D9A3-D4AE-26CC-6819CFF80725</generatorID>
<ownerDesignName>Serien</ownerDesignName>
<useDomainConstraints>false</useDomainConstraints>
<use>1</use>
<logicalDatatype>LOGDT024</logicalDatatype>
<dataTypeSize>255</dataTypeSize>
<ownDataTypeParameters>255,,</ownDataTypeParameters>
<autoIncrementCycle>false</autoIncrementCycle>
</Column>
<Column name="Mittelname" id="A4A3102F-F57F-91C3-419F-29397DF77F1F">
<createdBy>Philipp</createdBy>
<createdTime>2021-01-21 13:37:14 UTC</createdTime>
<generatorID>65E081A8-B3E3-35F5-F8D4-5D2106EF3E48</generatorID>
<ownerDesignName>Serien</ownerDesignName>
<nullsAllowed>true</nullsAllowed>
<useDomainConstraints>false</useDomainConstraints>
<use>1</use>
<logicalDatatype>LOGDT024</logicalDatatype>
<dataTypeSize>255</dataTypeSize>
<ownDataTypeParameters>255,,</ownDataTypeParameters>
<autoIncrementCycle>false</autoIncrementCycle>
</Column>
<Column name="Nachname" id="EA2369BE-D8C9-E154-E7CF-153B14F8BB17">
<createdBy>Philipp</createdBy>
<createdTime>2021-01-21 13:37:14 UTC</createdTime>
<generatorID>938E2FF8-9D66-583D-2A22-1D36E743C75E</generatorID>
<ownerDesignName>Serien</ownerDesignName>
<useDomainConstraints>false</useDomainConstraints>
<use>1</use>
<logicalDatatype>LOGDT024</logicalDatatype>
<dataTypeSize>255</dataTypeSize>
<ownDataTypeParameters>255,,</ownDataTypeParameters>
<autoIncrementCycle>false</autoIncrementCycle>
</Column>
<Column name="Herkunftsland" id="1572844D-D5D8-BD2F-77EA-F2F38708E49E">
<createdBy>Philipp</createdBy>
<createdTime>2021-01-21 13:37:14 UTC</createdTime>
<generatorID>FA4D9593-B716-4239-9264-BD7C95D5D5AB</generatorID>
<ownerDesignName>Serien</ownerDesignName>
<nullsAllowed>true</nullsAllowed>
<useDomainConstraints>false</useDomainConstraints>
<use>1</use>
<logicalDatatype>LOGDT024</logicalDatatype>
<dataTypeSize>255</dataTypeSize>
<ownDataTypeParameters>255,,</ownDataTypeParameters>
<autoIncrementCycle>false</autoIncrementCycle>
</Column>
</columns>
<indexes itemClass="oracle.dbtools.crest.model.design.relational.Index">
<ind_PK_UK id="A436D24C-1435-C8B5-0C55-C0BAE105508C" name="Regisseur_PK">
<createdBy>tommy</createdBy>
<createdTime>2021-01-17 12:54:50 UTC</createdTime>
<generatorID>9AD9A416-E207-D660-D12C-891EB17E4D98</generatorID>
<ownerDesignName>Serien</ownerDesignName>
<pk>true</pk>
<indexState>Primary Constraint</indexState>
<isSurrogateKey>false</isSurrogateKey>
<indexColumnUsage>
<colUsage columnID="75F13F12-5D50-05BD-22FA-594B08EC5F5A"/>
</indexColumnUsage>
</ind_PK_UK>
<ind_PK_UK id="A956D30C-DBD7-6A30-0E85-5C747495D8AD" name="Regisseur_PKv1">
<createdBy>tommy</createdBy>
<createdTime>2021-01-17 12:54:50 UTC</createdTime>
<generatorID>3297C942-5783-A149-3761-BBE10E32FE10</generatorID>
<ownerDesignName>Serien</ownerDesignName>
<indexState>Unique Constraint</indexState>
<isSurrogateKey>false</isSurrogateKey>
<indexColumnUsage>
<colUsage columnID="94540EA6-D40E-78B2-2D5D-5D6525D1C211"/>
</indexColumnUsage>
</ind_PK_UK>
<ind_PK_UK id="4F5A131B-64D3-BCB8-2D7C-8EADDD09BF95" name="Regisseur_Filmstar_FK">
<createdBy>tommy</createdBy>
<createdTime>2021-01-17 12:54:50 UTC</createdTime>
<generatorID>18083737-1C60-30BD-339F-76E0F34E4CA9</generatorID>
<ownerDesignName>Serien</ownerDesignName>
<indexState>Foreign Key</indexState>
<isSurrogateKey>false</isSurrogateKey>
<indexColumnUsage>
<colUsage columnID="75F13F12-5D50-05BD-22FA-594B08EC5F5A"/>
</indexColumnUsage>
</ind_PK_UK>
</indexes>
</Table>
