<?xml version = '1.0' encoding = 'UTF-8'?>
<Table class="oracle.dbtools.crest.model.design.relational.Table" directorySegmentName="seg_0" id="17935B65-D08E-3E9C-9D9E-6083C04F9A7A" name="Staffel">
<createdBy>Philipp</createdBy>
<createdTime>2021-01-20 16:46:06 UTC</createdTime>
<generatorID>100649A4-4833-B62F-9646-0DE69EA7E553</generatorID>
<ownerDesignName>Serien</ownerDesignName>
<allowColumnReorder>false</allowColumnReorder>
<existDependencyGenerateInDDl>true</existDependencyGenerateInDDl>
<parsed>true</parsed>
<columns itemClass="oracle.dbtools.crest.model.design.relational.Column">
<Column name="ID" id="A0E43FD4-589A-6911-86C0-23D4C556E0AF">
<createdBy>Philipp</createdBy>
<createdTime>2021-01-20 16:46:06 UTC</createdTime>
<generatorID>3B302C24-68E1-5661-ECEF-2BA37EEA2FA6</generatorID>
<ownerDesignName>Serien</ownerDesignName>
<useDomainConstraints>false</useDomainConstraints>
<use>1</use>
<logicalDatatype>LOGDT011</logicalDatatype>
<ownDataTypeParameters>,,</ownDataTypeParameters>
<autoIncrementCycle>false</autoIncrementCycle>
</Column>
<Column name="Staffel_ID" id="FE9212AA-9B28-E62E-123A-10129C28FAB7">
<createdBy>Philipp</createdBy>
<createdTime>2021-01-20 16:46:06 UTC</createdTime>
<ownerDesignName>Serien</ownerDesignName>
<useDomainConstraints>false</useDomainConstraints>
<use>1</use>
<logicalDatatype>LOGDT019</logicalDatatype>
<ownDataTypeParameters>,,</ownDataTypeParameters>
<autoIncrementColumn>true</autoIncrementColumn>
<identityColumn>true</identityColumn>
<autoIncrementCycle>false</autoIncrementCycle>
<isSurrogateColumn>true</isSurrogateColumn>
</Column>
</columns>
<indexes itemClass="oracle.dbtools.crest.model.design.relational.Index">
<ind_PK_UK id="0421BF62-FE8C-204A-E444-146B5EA4870A" name="Staffel_PK">
<createdBy>Philipp</createdBy>
<createdTime>2021-01-20 16:46:06 UTC</createdTime>
<ownerDesignName>Serien</ownerDesignName>
<pk>true</pk>
<indexState>Primary Constraint</indexState>
<indexColumnUsage>
<colUsage columnID="FE9212AA-9B28-E62E-123A-10129C28FAB7"/>
</indexColumnUsage>
</ind_PK_UK>
</indexes>
</Table>
