<?xml version = '1.0' encoding = 'UTF-8'?>
<Table class="oracle.dbtools.crest.model.design.relational.Table" directorySegmentName="seg_0" id="2AEE3C90-FE78-2AE7-FF4A-8C7B97E5F2AD" name="Details_Sprache">
<createdBy>tommy</createdBy>
<createdTime>2021-01-20 15:57:44 UTC</createdTime>
<generatorID>BFCD24FB-BDEA-4951-9B8D-392644F18AF8</generatorID>
<ownerDesignName>Serien</ownerDesignName>
<allowColumnReorder>false</allowColumnReorder>
<existDependencyGenerateInDDl>true</existDependencyGenerateInDDl>
<parsed>true</parsed>
<columns itemClass="oracle.dbtools.crest.model.design.relational.Column">
<Column name="Film_ID_Film" id="B50F5878-48DC-B7E0-C66C-546C14661D89">
<createdBy>tommy</createdBy>
<createdTime>2021-01-20 15:57:44 UTC</createdTime>
<generatorID>65DF96D5-1F41-2B10-448E-E221689286DB</generatorID>
<ownerDesignName>Serien</ownerDesignName>
<useDomainConstraints>false</useDomainConstraints>
<use>1</use>
<logicalDatatype>LOGDT011</logicalDatatype>
<ownDataTypeParameters>,,</ownDataTypeParameters>
<previousColumn>false</previousColumn>
<autoIncrementCycle>false</autoIncrementCycle>
<associations>
<colAssociation fkAssociation="92B0321F-ED95-97BD-41E0-A7BCB0FC8318" referredColumn="B6CFEC20-210F-349F-CB61-19F05976FA09"/>
</associations>
</Column>
<Column name="Sprache_ID" id="72108A76-4831-21C3-6F88-717D2AB5412E">
<createdBy>tommy</createdBy>
<createdTime>2021-01-20 15:57:44 UTC</createdTime>
<generatorID>877C3A5E-F4A5-6570-3AAF-0C141A87621B</generatorID>
<ownerDesignName>Serien</ownerDesignName>
<useDomainConstraints>false</useDomainConstraints>
<use>1</use>
<logicalDatatype>LOGDT011</logicalDatatype>
<ownDataTypeParameters>,,</ownDataTypeParameters>
<previousColumn>false</previousColumn>
<autoIncrementCycle>false</autoIncrementCycle>
<associations>
<colAssociation fkAssociation="A1CB3687-D09B-B2C6-7B32-161E89704950" referredColumn="AC3745B7-1F9A-F133-D983-6B68FB2C7900"/>
</associations>
</Column>
</columns>
<indexes itemClass="oracle.dbtools.crest.model.design.relational.Index">
<ind_PK_UK id="42D6A7F1-6C87-4C86-8805-C3856D51A1A8" name="Details_Sprache_Film_FK">
<createdBy>tommy</createdBy>
<createdTime>2021-01-20 15:57:44 UTC</createdTime>
<generatorID>B36AC511-2253-DCB8-F199-35CDFD92BEB5</generatorID>
<ownerDesignName>Serien</ownerDesignName>
<indexState>Foreign Key</indexState>
<isSurrogateKey>false</isSurrogateKey>
<indexColumnUsage>
<colUsage columnID="B50F5878-48DC-B7E0-C66C-546C14661D89"/>
</indexColumnUsage>
</ind_PK_UK>
<ind_PK_UK id="031CD760-D496-FFD1-8D4A-609D150D5538" name="Details_Sprache_Sprache_FK">
<createdBy>tommy</createdBy>
<createdTime>2021-01-20 15:57:44 UTC</createdTime>
<generatorID>6DA94059-113C-9183-418C-4C3458AAFD56</generatorID>
<ownerDesignName>Serien</ownerDesignName>
<indexState>Foreign Key</indexState>
<isSurrogateKey>false</isSurrogateKey>
<indexColumnUsage>
<colUsage columnID="72108A76-4831-21C3-6F88-717D2AB5412E"/>
</indexColumnUsage>
</ind_PK_UK>
</indexes>
</Table>
