<?xml version = '1.0' encoding = 'UTF-8'?>
<Table class="oracle.dbtools.crest.model.design.relational.Table" directorySegmentName="seg_0" id="3E77A5BE-3220-FD84-0061-68CE272E1E51" name="Episode">
<createdBy>Philipp</createdBy>
<createdTime>2021-01-21 11:50:10 UTC</createdTime>
<generatorID>F456A3F5-411C-41DD-574B-98189C5E5B38</generatorID>
<ownerDesignName>Serien</ownerDesignName>
<allowColumnReorder>false</allowColumnReorder>
<existDependencyGenerateInDDl>true</existDependencyGenerateInDDl>
<parsed>true</parsed>
<columns itemClass="oracle.dbtools.crest.model.design.relational.Column">
<Column name="ID" id="25BEC59E-D7F0-FE20-6471-EC3CF6FDA669">
<createdBy>Philipp</createdBy>
<createdTime>2021-01-21 11:50:10 UTC</createdTime>
<generatorID>4516E7EC-B3AD-D634-4000-711BCA2C3C13</generatorID>
<ownerDesignName>Serien</ownerDesignName>
<useDomainConstraints>false</useDomainConstraints>
<use>1</use>
<logicalDatatype>LOGDT011</logicalDatatype>
<ownDataTypeParameters>,,</ownDataTypeParameters>
<autoIncrementCycle>false</autoIncrementCycle>
</Column>
</columns>
<indexes itemClass="oracle.dbtools.crest.model.design.relational.Index">
<ind_PK_UK id="B789A313-BE11-B773-C5EA-59DECE119C53" name="Episode_PK">
<createdBy>Philipp</createdBy>
<createdTime>2021-01-21 11:50:10 UTC</createdTime>
<generatorID>873C1A49-31CD-7726-8324-872C5149518D</generatorID>
<ownerDesignName>Serien</ownerDesignName>
<pk>true</pk>
<indexState>Primary Constraint</indexState>
<isSurrogateKey>false</isSurrogateKey>
<indexColumnUsage>
<colUsage columnID="25BEC59E-D7F0-FE20-6471-EC3CF6FDA669"/>
</indexColumnUsage>
</ind_PK_UK>
</indexes>
</Table>
