<?xml version = '1.0' encoding = 'UTF-8'?>
<Table class="oracle.dbtools.crest.model.design.relational.Table" directorySegmentName="seg_0" id="434A36B3-A75D-98F9-C785-369FF5D2180C" name="Produzent">
<createdBy>tommy</createdBy>
<createdTime>2021-01-17 12:54:50 UTC</createdTime>
<generatorID>909C1188-5429-3BCC-E364-64F7531BDDDC</generatorID>
<ownerDesignName>Serien</ownerDesignName>
<allowColumnReorder>false</allowColumnReorder>
<existDependencyGenerateInDDl>true</existDependencyGenerateInDDl>
<parsed>true</parsed>
<columns itemClass="oracle.dbtools.crest.model.design.relational.Column">
<Column name="ID" id="9F58EBCD-4BBA-7125-6BED-BE867A2EFA2E">
<createdBy>tommy</createdBy>
<createdTime>2021-01-17 12:54:50 UTC</createdTime>
<generatorID>5BE22E66-5F82-97B9-D966-C264E0AE4F83</generatorID>
<ownerDesignName>Serien</ownerDesignName>
<useDomainConstraints>false</useDomainConstraints>
<use>1</use>
<logicalDatatype>LOGDT011</logicalDatatype>
<ownDataTypeParameters>,,</ownDataTypeParameters>
<autoIncrementCycle>false</autoIncrementCycle>
<associations>
<colAssociation fkAssociation="4FE7C31A-E4A8-C69E-7B36-551234B7E719" referredColumn="2C9E897C-2F4E-A3F1-D7FF-2CB2DDC0E6EF"/>
</associations>
</Column>
<Column name="ID2" id="3F3E9563-4FCB-B228-D61D-ADB271DBD31A">
<createdBy>tommy</createdBy>
<createdTime>2021-01-17 12:54:50 UTC</createdTime>
<generatorID>FA5A383A-A0F1-2C40-8717-E689272E3258</generatorID>
<ownerDesignName>Serien</ownerDesignName>
<useDomainConstraints>false</useDomainConstraints>
<use>1</use>
<logicalDatatype>LOGDT011</logicalDatatype>
<ownDataTypeParameters>,,</ownDataTypeParameters>
<autoIncrementCycle>false</autoIncrementCycle>
</Column>
<Column name="Vorname" id="7560F2BC-C416-BCB6-F2BF-78C20F0BC42D">
<createdBy>Philipp</createdBy>
<createdTime>2021-01-20 16:46:06 UTC</createdTime>
<generatorID>73407E9E-D9A3-D4AE-26CC-6819CFF80725</generatorID>
<ownerDesignName>Serien</ownerDesignName>
<useDomainConstraints>false</useDomainConstraints>
<use>1</use>
<logicalDatatype>LOGDT024</logicalDatatype>
<dataTypeSize>255</dataTypeSize>
<ownDataTypeParameters>255,,</ownDataTypeParameters>
<autoIncrementCycle>false</autoIncrementCycle>
</Column>
<Column name="Mittelname" id="3DD22840-6DDF-5213-532A-BF522817DCF3">
<createdBy>Philipp</createdBy>
<createdTime>2021-01-20 16:46:06 UTC</createdTime>
<generatorID>65E081A8-B3E3-35F5-F8D4-5D2106EF3E48</generatorID>
<ownerDesignName>Serien</ownerDesignName>
<nullsAllowed>true</nullsAllowed>
<useDomainConstraints>false</useDomainConstraints>
<use>1</use>
<logicalDatatype>LOGDT024</logicalDatatype>
<dataTypeSize>255</dataTypeSize>
<ownDataTypeParameters>255,,</ownDataTypeParameters>
<autoIncrementCycle>false</autoIncrementCycle>
</Column>
<Column name="Nachname" id="25659848-C51C-75C4-7D72-FBA34F4090B7">
<createdBy>Philipp</createdBy>
<createdTime>2021-01-20 16:46:06 UTC</createdTime>
<generatorID>938E2FF8-9D66-583D-2A22-1D36E743C75E</generatorID>
<ownerDesignName>Serien</ownerDesignName>
<useDomainConstraints>false</useDomainConstraints>
<use>1</use>
<logicalDatatype>LOGDT024</logicalDatatype>
<dataTypeSize>255</dataTypeSize>
<ownDataTypeParameters>255,,</ownDataTypeParameters>
<autoIncrementCycle>false</autoIncrementCycle>
</Column>
<Column name="Herkunftsland" id="C51C8BB8-ED8C-F0EE-9513-24D15AD26387">
<createdBy>Philipp</createdBy>
<createdTime>2021-01-20 16:46:06 UTC</createdTime>
<generatorID>FA4D9593-B716-4239-9264-BD7C95D5D5AB</generatorID>
<ownerDesignName>Serien</ownerDesignName>
<nullsAllowed>true</nullsAllowed>
<useDomainConstraints>false</useDomainConstraints>
<use>1</use>
<logicalDatatype>LOGDT024</logicalDatatype>
<dataTypeSize>255</dataTypeSize>
<ownDataTypeParameters>255,,</ownDataTypeParameters>
<autoIncrementCycle>false</autoIncrementCycle>
</Column>
</columns>
<indexes itemClass="oracle.dbtools.crest.model.design.relational.Index">
<ind_PK_UK id="DCEF5E80-558A-E7B7-A4BD-7E4DD6A22AD9" name="Produzent_PK">
<createdBy>tommy</createdBy>
<createdTime>2021-01-17 12:54:50 UTC</createdTime>
<generatorID>9AD9A416-E207-D660-D12C-891EB17E4D98</generatorID>
<ownerDesignName>Serien</ownerDesignName>
<pk>true</pk>
<indexState>Primary Constraint</indexState>
<isSurrogateKey>false</isSurrogateKey>
<indexColumnUsage>
<colUsage columnID="9F58EBCD-4BBA-7125-6BED-BE867A2EFA2E"/>
</indexColumnUsage>
</ind_PK_UK>
<ind_PK_UK id="21F006EA-0AD4-2389-CB74-59486533CE86" name="Produzent_PKv1">
<createdBy>tommy</createdBy>
<createdTime>2021-01-17 12:54:50 UTC</createdTime>
<generatorID>752739C2-4428-D2F4-3EC1-0EAE75D4B8C7</generatorID>
<ownerDesignName>Serien</ownerDesignName>
<indexState>Unique Constraint</indexState>
<isSurrogateKey>false</isSurrogateKey>
<indexColumnUsage>
<colUsage columnID="3F3E9563-4FCB-B228-D61D-ADB271DBD31A"/>
</indexColumnUsage>
</ind_PK_UK>
<ind_PK_UK id="7E4BC2BB-76DA-26E4-7070-B94B4C623718" name="Produzent_Filmstar_FK">
<createdBy>tommy</createdBy>
<createdTime>2021-01-17 12:54:50 UTC</createdTime>
<generatorID>C6B35265-5282-63FE-F146-455065845BD9</generatorID>
<ownerDesignName>Serien</ownerDesignName>
<indexState>Foreign Key</indexState>
<isSurrogateKey>false</isSurrogateKey>
<indexColumnUsage>
<colUsage columnID="9F58EBCD-4BBA-7125-6BED-BE867A2EFA2E"/>
</indexColumnUsage>
</ind_PK_UK>
</indexes>
</Table>
