<?xml version = '1.0' encoding = 'UTF-8'?>
<Table class="oracle.dbtools.crest.model.design.relational.Table" directorySegmentName="seg_0" id="525F553D-AB7E-3561-0CA9-242EAEF2E246" name="Details_Genre">
<createdBy>tommy</createdBy>
<createdTime>2021-01-20 15:57:44 UTC</createdTime>
<generatorID>6150B5EE-B316-3F63-0A48-308706F52669</generatorID>
<ownerDesignName>Serien</ownerDesignName>
<allowColumnReorder>false</allowColumnReorder>
<existDependencyGenerateInDDl>true</existDependencyGenerateInDDl>
<parsed>true</parsed>
<columns itemClass="oracle.dbtools.crest.model.design.relational.Column">
<Column name="Genre_ID" id="DC347AED-595E-C46F-841C-E530A7868D8B">
<createdBy>tommy</createdBy>
<createdTime>2021-01-20 15:57:44 UTC</createdTime>
<generatorID>6CFAF912-D801-667C-8C57-B0B17D4E605F</generatorID>
<ownerDesignName>Serien</ownerDesignName>
<useDomainConstraints>false</useDomainConstraints>
<use>1</use>
<logicalDatatype>LOGDT011</logicalDatatype>
<ownDataTypeParameters>,,</ownDataTypeParameters>
<previousColumn>false</previousColumn>
<autoIncrementCycle>false</autoIncrementCycle>
<associations>
<colAssociation fkAssociation="CE6CD3BD-BAAB-647E-DC26-9759D52AB8F8" referredColumn="A462B29C-0564-3D52-9416-CA2AA3458FC3"/>
</associations>
</Column>
<Column name="Film_ID_Film" id="18F1D7D3-3432-B651-B873-C39DB266A382">
<createdBy>tommy</createdBy>
<createdTime>2021-01-20 15:57:44 UTC</createdTime>
<generatorID>40E80E1E-C64C-7AD0-4D86-CF45BF0A9B88</generatorID>
<ownerDesignName>Serien</ownerDesignName>
<useDomainConstraints>false</useDomainConstraints>
<use>1</use>
<logicalDatatype>LOGDT011</logicalDatatype>
<ownDataTypeParameters>,,</ownDataTypeParameters>
<previousColumn>false</previousColumn>
<autoIncrementCycle>false</autoIncrementCycle>
<associations>
<colAssociation fkAssociation="91B51354-6891-6F1E-C076-E308A97AA748" referredColumn="B6CFEC20-210F-349F-CB61-19F05976FA09"/>
</associations>
</Column>
</columns>
<indexes itemClass="oracle.dbtools.crest.model.design.relational.Index">
<ind_PK_UK id="6FF77B32-39A4-8144-8CD1-40570BBA52D7" name="Details_Genre_Genre_FK">
<createdBy>tommy</createdBy>
<createdTime>2021-01-20 15:57:44 UTC</createdTime>
<generatorID>72787133-F303-6DCD-767E-FABF74FE631D</generatorID>
<ownerDesignName>Serien</ownerDesignName>
<indexState>Foreign Key</indexState>
<isSurrogateKey>false</isSurrogateKey>
<indexColumnUsage>
<colUsage columnID="DC347AED-595E-C46F-841C-E530A7868D8B"/>
</indexColumnUsage>
</ind_PK_UK>
<ind_PK_UK id="05CA5905-3D20-3DBE-331B-5797A71196C5" name="Details_Genre_Film_FK">
<createdBy>tommy</createdBy>
<createdTime>2021-01-20 15:57:44 UTC</createdTime>
<generatorID>F5E8C5F1-2429-9DCB-6E2C-9AAC57B40CCD</generatorID>
<ownerDesignName>Serien</ownerDesignName>
<indexState>Foreign Key</indexState>
<isSurrogateKey>false</isSurrogateKey>
<indexColumnUsage>
<colUsage columnID="18F1D7D3-3432-B651-B873-C39DB266A382"/>
</indexColumnUsage>
</ind_PK_UK>
</indexes>
</Table>
