<?xml version = '1.0' encoding = 'UTF-8'?>
<Table class="oracle.dbtools.crest.model.design.relational.Table" directorySegmentName="seg_0" id="81868656-2446-59ED-D339-B8D8D2C0B422" name="Details_Serie">
<createdBy>Philipp</createdBy>
<createdTime>2021-01-20 16:46:06 UTC</createdTime>
<generatorID>B8BE667C-56B1-DC22-CB2C-47419CCF192D</generatorID>
<ownerDesignName>Serien</ownerDesignName>
<allowColumnReorder>false</allowColumnReorder>
<existDependencyGenerateInDDl>true</existDependencyGenerateInDDl>
<parsed>true</parsed>
<columns itemClass="oracle.dbtools.crest.model.design.relational.Column">
<Column name="Serie_ID_Serie" id="4D06DA8F-252D-786B-B88C-D298470C0E65">
<createdBy>Philipp</createdBy>
<createdTime>2021-01-20 16:46:06 UTC</createdTime>
<generatorID>921C7AA9-4527-F2BD-A6B9-91227BB52FD9</generatorID>
<ownerDesignName>Serien</ownerDesignName>
<useDomainConstraints>false</useDomainConstraints>
<use>1</use>
<logicalDatatype>LOGDT011</logicalDatatype>
<ownDataTypeParameters>,,</ownDataTypeParameters>
<previousColumn>false</previousColumn>
<autoIncrementCycle>false</autoIncrementCycle>
<associations>
<colAssociation fkAssociation="50B53C85-B73E-BAE7-5CA0-5FFA93582C51" referredColumn="B6CFEC20-210F-349F-CB61-19F05976FA09"/>
</associations>
</Column>
<Column name="Staffel_Staffel_ID" id="F154FCE9-04F7-7836-A762-FCA33F1B5991">
<createdBy>Philipp</createdBy>
<createdTime>2021-01-20 16:46:06 UTC</createdTime>
<ownerDesignName>Serien</ownerDesignName>
<useDomainConstraints>false</useDomainConstraints>
<use>1</use>
<logicalDatatype>LOGDT019</logicalDatatype>
<ownDataTypeParameters>,,</ownDataTypeParameters>
<previousColumn>false</previousColumn>
<autoIncrementCycle>false</autoIncrementCycle>
</Column>
<Column name="Episode_Episode_ID" id="E4634F24-CBB2-A609-9DEF-29FFF9CF4BC6">
<createdBy>Philipp</createdBy>
<createdTime>2021-01-20 16:46:06 UTC</createdTime>
<ownerDesignName>Serien</ownerDesignName>
<useDomainConstraints>false</useDomainConstraints>
<use>1</use>
<logicalDatatype>LOGDT019</logicalDatatype>
<ownDataTypeParameters>,,</ownDataTypeParameters>
<previousColumn>false</previousColumn>
<autoIncrementCycle>false</autoIncrementCycle>
</Column>
<Column name="ID" id="879DD0E9-D280-AD87-1750-C7D506395610">
<createdBy>Philipp</createdBy>
<createdTime>2021-01-21 11:35:41 UTC</createdTime>
<generatorID>6ED24681-211B-B11C-03E9-C847D1E78E8F</generatorID>
<ownerDesignName>Serien</ownerDesignName>
<useDomainConstraints>false</useDomainConstraints>
<use>1</use>
<logicalDatatype>LOGDT011</logicalDatatype>
<ownDataTypeParameters>,,</ownDataTypeParameters>
<previousColumn>false</previousColumn>
<autoIncrementCycle>false</autoIncrementCycle>
</Column>
<Column name="ID1" id="48DC8BFA-E0DF-2A59-28A9-437470616001">
<createdBy>Philipp</createdBy>
<createdTime>2021-01-21 11:35:41 UTC</createdTime>
<generatorID>21A58FB3-BF0D-CC3B-FB24-575E108CC23B</generatorID>
<ownerDesignName>Serien</ownerDesignName>
<useDomainConstraints>false</useDomainConstraints>
<use>1</use>
<logicalDatatype>LOGDT011</logicalDatatype>
<ownDataTypeParameters>,,</ownDataTypeParameters>
<previousColumn>false</previousColumn>
<autoIncrementCycle>false</autoIncrementCycle>
</Column>
<Column name="Staffel_ID" id="D12A28AA-4C75-DC88-E50B-CDCB85631474">
<createdBy>Philipp</createdBy>
<createdTime>2021-01-21 11:50:10 UTC</createdTime>
<generatorID>ABE77706-ADD7-9387-AEDB-7F999B7AFD23</generatorID>
<ownerDesignName>Serien</ownerDesignName>
<useDomainConstraints>false</useDomainConstraints>
<use>1</use>
<logicalDatatype>LOGDT011</logicalDatatype>
<ownDataTypeParameters>,,</ownDataTypeParameters>
<previousColumn>false</previousColumn>
<autoIncrementCycle>false</autoIncrementCycle>
<associations>
<colAssociation fkAssociation="0815084E-210A-B3F9-AA54-C01C212325FF" referredColumn="30BE37C5-1FFA-7BF5-BD1A-BBD278AAE5D2"/>
</associations>
</Column>
<Column name="Episode_ID" id="7FB36EBA-D8E2-79DE-F2B8-A3F3E238B876">
<createdBy>Philipp</createdBy>
<createdTime>2021-01-21 11:50:10 UTC</createdTime>
<generatorID>400650DB-5128-CF36-89DA-6B3AFD24F67A</generatorID>
<ownerDesignName>Serien</ownerDesignName>
<useDomainConstraints>false</useDomainConstraints>
<use>1</use>
<logicalDatatype>LOGDT011</logicalDatatype>
<ownDataTypeParameters>,,</ownDataTypeParameters>
<previousColumn>false</previousColumn>
<autoIncrementCycle>false</autoIncrementCycle>
<associations>
<colAssociation fkAssociation="6ACBEA69-DBCD-E853-55D2-01DED1947DD5" referredColumn="25BEC59E-D7F0-FE20-6471-EC3CF6FDA669"/>
</associations>
</Column>
</columns>
<indexes itemClass="oracle.dbtools.crest.model.design.relational.Index">
<ind_PK_UK id="154B3377-5257-8BFB-1AC2-D2F302A4B16E" name="Details_Serie_PK">
<createdBy>Philipp</createdBy>
<createdTime>2021-01-20 16:46:06 UTC</createdTime>
<generatorID>F4EF82F3-AEDE-C963-201C-7B94FC2916DC</generatorID>
<ownerDesignName>Serien</ownerDesignName>
<pk>true</pk>
<indexState>Primary Constraint</indexState>
<isSurrogateKey>false</isSurrogateKey>
</ind_PK_UK>
<ind_PK_UK id="4CB7D73F-69B6-E8BF-85BB-EA3B43AF823D" name="Details_Serie_Serie_FK">
<createdBy>Philipp</createdBy>
<createdTime>2021-01-20 16:46:06 UTC</createdTime>
<generatorID>FFBA09C2-AB4C-FB8B-B6C2-4539FF5E220B</generatorID>
<ownerDesignName>Serien</ownerDesignName>
<indexState>Foreign Key</indexState>
<isSurrogateKey>false</isSurrogateKey>
<indexColumnUsage>
<colUsage columnID="4D06DA8F-252D-786B-B88C-D298470C0E65"/>
</indexColumnUsage>
</ind_PK_UK>
<ind_PK_UK id="35225C5E-F51B-5D5B-FA40-5E2CFEF6C98D" name="Details_Serie_Staffel_FK">
<createdBy>Philipp</createdBy>
<createdTime>2021-01-21 11:50:10 UTC</createdTime>
<generatorID>1DA6E12D-B864-7F9F-BBA5-72FE190AF6D3</generatorID>
<ownerDesignName>Serien</ownerDesignName>
<indexState>Foreign Key</indexState>
<isSurrogateKey>false</isSurrogateKey>
<indexColumnUsage>
<colUsage columnID="D12A28AA-4C75-DC88-E50B-CDCB85631474"/>
</indexColumnUsage>
</ind_PK_UK>
<ind_PK_UK id="C4FA5B27-220B-721A-C26A-E5594D8E9E41" name="Details_Serie_Episode_FK">
<createdBy>Philipp</createdBy>
<createdTime>2021-01-21 11:50:10 UTC</createdTime>
<generatorID>02302B85-09F8-01EA-D5B5-982F2A781900</generatorID>
<ownerDesignName>Serien</ownerDesignName>
<indexState>Foreign Key</indexState>
<isSurrogateKey>false</isSurrogateKey>
<indexColumnUsage>
<colUsage columnID="7FB36EBA-D8E2-79DE-F2B8-A3F3E238B876"/>
</indexColumnUsage>
</ind_PK_UK>
</indexes>
</Table>
