<?xml version = '1.0' encoding = 'UTF-8'?>
<Table class="oracle.dbtools.crest.model.design.relational.Table" directorySegmentName="seg_0" id="A275F979-44B4-AFDE-DE62-D08318A840FE" name="Sprache">
<createdBy>tommy</createdBy>
<createdTime>2021-01-17 12:54:50 UTC</createdTime>
<generatorID>8B2D91CC-16D0-B321-880E-7983B9211BB8</generatorID>
<ownerDesignName>Serien</ownerDesignName>
<allowColumnReorder>false</allowColumnReorder>
<existDependencyGenerateInDDl>true</existDependencyGenerateInDDl>
<parsed>true</parsed>
<columns itemClass="oracle.dbtools.crest.model.design.relational.Column">
<Column name="ID" id="AC3745B7-1F9A-F133-D983-6B68FB2C7900">
<createdBy>tommy</createdBy>
<createdTime>2021-01-17 12:54:50 UTC</createdTime>
<generatorID>5AC02693-B4A0-010A-0B47-E7EE0CFF7A48</generatorID>
<ownerDesignName>Serien</ownerDesignName>
<useDomainConstraints>false</useDomainConstraints>
<use>1</use>
<logicalDatatype>LOGDT011</logicalDatatype>
<ownDataTypeParameters>,,</ownDataTypeParameters>
<autoIncrementCycle>false</autoIncrementCycle>
</Column>
<Column name="Sprache" id="4D00A8FA-0A93-DCB6-5309-A1C3FBDFE78C">
<createdBy>tommy</createdBy>
<createdTime>2021-01-17 12:54:50 UTC</createdTime>
<generatorID>75F97EA4-95DC-1B1E-B086-1220D2BDD091</generatorID>
<ownerDesignName>Serien</ownerDesignName>
<useDomainConstraints>false</useDomainConstraints>
<use>1</use>
<logicalDatatype>LOGDT024</logicalDatatype>
<dataTypeSize>255</dataTypeSize>
<ownDataTypeParameters>255,,</ownDataTypeParameters>
<autoIncrementCycle>false</autoIncrementCycle>
</Column>
</columns>
<indexes itemClass="oracle.dbtools.crest.model.design.relational.Index">
<ind_PK_UK id="0C7A3BAB-D857-05B4-9062-A3FCA5E22070" name="Sprache_PK">
<createdBy>tommy</createdBy>
<createdTime>2021-01-17 12:54:50 UTC</createdTime>
<generatorID>48AC155A-0EC4-F903-D435-DA2922634109</generatorID>
<ownerDesignName>Serien</ownerDesignName>
<pk>true</pk>
<indexState>Primary Constraint</indexState>
<isSurrogateKey>false</isSurrogateKey>
<indexColumnUsage>
<colUsage columnID="AC3745B7-1F9A-F133-D983-6B68FB2C7900"/>
</indexColumnUsage>
</ind_PK_UK>
</indexes>
</Table>
