<?xml version = '1.0' encoding = 'UTF-8'?>
<FKArc class="oracle.dbtools.crest.model.design.relational.FKArc" directorySegmentName="seg_0" id="AA86657E-B8CD-3724-58D3-FB518302E966" name="FKArc_1">
<createdBy>tommy</createdBy>
<createdTime>2021-01-17 12:54:50 UTC</createdTime>
<ownerDesignName>Projekt_Filmsammlung</ownerDesignName>
<mandatory>false</mandatory>
<reverseArc>true</reverseArc>
<table>99275E14-99CE-40CA-E077-906AB927D9CA</table>
<fkeys>
<fkeyID>5AC3F150-81D3-31FB-4DAF-B7713CE34328</fkeyID>
<fkeyID>C49512C6-7F27-7317-E168-B5D47EB64422</fkeyID>
<fkeyID>4FE7C31A-E4A8-C69E-7B36-551234B7E719</fkeyID>
</fkeys>
</FKArc>
