<?xml version = '1.0' encoding = 'UTF-8'?>
<Table class="oracle.dbtools.crest.model.design.relational.Table" directorySegmentName="seg_0" id="8EBEA950-CACC-8986-87BC-BAF6F880A32B" name="Film">
<createdBy>tommy</createdBy>
<createdTime>2021-01-17 12:54:50 UTC</createdTime>
<generatorID>E178316E-FC38-8B91-28E9-2A5957B7B968</generatorID>
<ownerDesignName>Filme</ownerDesignName>
<allowColumnReorder>false</allowColumnReorder>
<existDependencyGenerateInDDl>true</existDependencyGenerateInDDl>
<parsed>true</parsed>
<columns itemClass="oracle.dbtools.crest.model.design.relational.Column">
<Column name="Film_Titel_ID" id="4806111E-34B6-D62C-379A-09B84B34489E">
<createdBy>tommy</createdBy>
<createdTime>2021-01-17 12:54:50 UTC</createdTime>
<generatorID>B2BF1888-7DC7-28BF-3DDB-FFF4F80DF5BC</generatorID>
<ownerDesignName>Filme</ownerDesignName>
<useDomainConstraints>false</useDomainConstraints>
<use>1</use>
<logicalDatatype>LOGDT011</logicalDatatype>
<ownDataTypeParameters>,,</ownDataTypeParameters>
<previousColumn>false</previousColumn>
<autoIncrementCycle>false</autoIncrementCycle>
</Column>
<Column name="Jahr_ID" id="085EE038-1851-93DD-B6B8-49376EEA1CDD">
<createdBy>tommy</createdBy>
<createdTime>2021-01-17 12:54:50 UTC</createdTime>
<generatorID>0F2A8F71-91A8-6870-EDEF-C3EC0B3448A6</generatorID>
<ownerDesignName>Filme</ownerDesignName>
<useDomainConstraints>false</useDomainConstraints>
<use>1</use>
<logicalDatatype>LOGDT011</logicalDatatype>
<ownDataTypeParameters>,,</ownDataTypeParameters>
<previousColumn>false</previousColumn>
<autoIncrementCycle>false</autoIncrementCycle>
<associations>
<colAssociation fkAssociation="22FB2848-9143-CC90-9A1B-CE08C603C2B5" referredColumn="21978C97-2D45-50B1-1238-273144120018"/>
</associations>
</Column>
<Column name="IMDB_ID" id="A4BA1074-8ABF-1BC2-032A-7D3839F6015C">
<createdBy>tommy</createdBy>
<createdTime>2021-01-17 12:54:50 UTC</createdTime>
<generatorID>15EF7367-30DB-C957-9A1D-2DD6E1FD3F8C</generatorID>
<ownerDesignName>Filme</ownerDesignName>
<useDomainConstraints>false</useDomainConstraints>
<use>1</use>
<logicalDatatype>LOGDT011</logicalDatatype>
<ownDataTypeParameters>,,</ownDataTypeParameters>
<previousColumn>false</previousColumn>
<autoIncrementCycle>false</autoIncrementCycle>
<associations>
<colAssociation fkAssociation="CD4E6C6F-12CA-AE67-96AC-8F605A2FCEB0" referredColumn="8F7B7EAF-C6AB-6679-5D4F-4434A757A1DA"/>
</associations>
</Column>
<Column name="Dauer_ID" id="3B9CD9A2-DF29-C569-8418-1B82637459E8">
<createdBy>tommy</createdBy>
<createdTime>2021-01-17 12:54:50 UTC</createdTime>
<generatorID>CF67D01B-6028-020D-4362-71DD3D7F11CD</generatorID>
<ownerDesignName>Filme</ownerDesignName>
<useDomainConstraints>false</useDomainConstraints>
<use>1</use>
<logicalDatatype>LOGDT011</logicalDatatype>
<ownDataTypeParameters>,,</ownDataTypeParameters>
<previousColumn>false</previousColumn>
<autoIncrementCycle>false</autoIncrementCycle>
<associations>
<colAssociation fkAssociation="7C7D53C6-520C-53A8-6160-C4556353D23E" referredColumn="E00C5EE9-E87F-EA9A-D2E5-5272096B99FC"/>
</associations>
</Column>
<Column name="ID_Film" id="B6CFEC20-210F-349F-CB61-19F05976FA09">
<createdBy>tommy</createdBy>
<createdTime>2021-01-17 12:58:56 UTC</createdTime>
<generatorID>752B78F6-9D9C-ED4E-4A87-EB939F156940</generatorID>
<ownerDesignName>Filme</ownerDesignName>
<useDomainConstraints>false</useDomainConstraints>
<use>1</use>
<logicalDatatype>LOGDT011</logicalDatatype>
<ownDataTypeParameters>,,</ownDataTypeParameters>
<autoIncrementCycle>false</autoIncrementCycle>
</Column>
<Column name="Deutscher_Titel" id="CB00CA55-D9FC-80D2-E720-C8665693AFCE">
<createdBy>tommy</createdBy>
<createdTime>2021-01-20 15:57:44 UTC</createdTime>
<generatorID>6E0C5BBD-D79C-E9BC-ADDD-9E2269A293D8</generatorID>
<ownerDesignName>Filme</ownerDesignName>
<useDomainConstraints>false</useDomainConstraints>
<use>1</use>
<logicalDatatype>LOGDT024</logicalDatatype>
<dataTypeSize>255</dataTypeSize>
<ownDataTypeParameters>255,,</ownDataTypeParameters>
<autoIncrementCycle>false</autoIncrementCycle>
</Column>
<Column name="Original_Titel" id="1A02E4CF-E0E6-1585-EB23-EB40CFA18F88">
<createdBy>tommy</createdBy>
<createdTime>2021-01-20 15:57:44 UTC</createdTime>
<generatorID>EA6C2558-1472-C3DA-2C49-31AE9D6576E5</generatorID>
<ownerDesignName>Filme</ownerDesignName>
<nullsAllowed>true</nullsAllowed>
<useDomainConstraints>false</useDomainConstraints>
<use>1</use>
<logicalDatatype>LOGDT024</logicalDatatype>
<dataTypeSize>255</dataTypeSize>
<ownDataTypeParameters>255,,</ownDataTypeParameters>
<autoIncrementCycle>false</autoIncrementCycle>
</Column>
<Column name="Länge" id="1FE215C2-0249-50FA-8230-EB5CC7C5871D">
<createdBy>tommy</createdBy>
<createdTime>2021-01-20 15:57:44 UTC</createdTime>
<generatorID>7B60AC9C-15BA-E9FB-8539-17A47B643936</generatorID>
<ownerDesignName>Filme</ownerDesignName>
<useDomainConstraints>false</useDomainConstraints>
<use>1</use>
<logicalDatatype>LOGDT011</logicalDatatype>
<ownDataTypeParameters>,,</ownDataTypeParameters>
<previousColumn>false</previousColumn>
<autoIncrementCycle>false</autoIncrementCycle>
</Column>
</columns>
<indexes itemClass="oracle.dbtools.crest.model.design.relational.Index">
<ind_PK_UK id="F7F69CAA-3E06-6D3E-A532-4469CCD35EB7" name="Film_Details_PK">
<createdBy>tommy</createdBy>
<createdTime>2021-01-17 12:54:50 UTC</createdTime>
<generatorID>DFA209B3-30C4-2BDB-81ED-BC29A630E3C1</generatorID>
<ownerDesignName>Filme</ownerDesignName>
<pk>true</pk>
<indexState>Primary Constraint</indexState>
<isSurrogateKey>false</isSurrogateKey>
<indexColumnUsage>
<colUsage columnID="B6CFEC20-210F-349F-CB61-19F05976FA09"/>
</indexColumnUsage>
</ind_PK_UK>
<ind_PK_UK id="7B9F9C77-D35D-4D85-FFF4-C159A2EC87F6" name="Film_Details_Jahr_FK">
<createdBy>tommy</createdBy>
<createdTime>2021-01-17 12:54:50 UTC</createdTime>
<generatorID>3ACD52B9-4A1A-7C08-FFEC-D8A934710566</generatorID>
<ownerDesignName>Filme</ownerDesignName>
<indexState>Foreign Key</indexState>
<isSurrogateKey>false</isSurrogateKey>
<indexColumnUsage>
<colUsage columnID="085EE038-1851-93DD-B6B8-49376EEA1CDD"/>
</indexColumnUsage>
</ind_PK_UK>
<ind_PK_UK id="DEFA12D6-F2D2-D4C0-89B2-955AC1147643" name="Film_Details_IMDB_FK">
<createdBy>tommy</createdBy>
<createdTime>2021-01-17 12:54:50 UTC</createdTime>
<generatorID>0ACB97F0-860A-9D78-2A8E-334DD65B2CB9</generatorID>
<ownerDesignName>Filme</ownerDesignName>
<indexState>Foreign Key</indexState>
<isSurrogateKey>false</isSurrogateKey>
<indexColumnUsage>
<colUsage columnID="A4BA1074-8ABF-1BC2-032A-7D3839F6015C"/>
</indexColumnUsage>
</ind_PK_UK>
<ind_PK_UK id="6A9A6641-E0CC-45D1-100F-C11435382C59" name="Film_Details_Dauer_FK">
<createdBy>tommy</createdBy>
<createdTime>2021-01-17 12:54:50 UTC</createdTime>
<generatorID>C57F6DD3-0A03-B2B8-EE46-B224CC5D996A</generatorID>
<ownerDesignName>Filme</ownerDesignName>
<indexState>Foreign Key</indexState>
<isSurrogateKey>false</isSurrogateKey>
<indexColumnUsage>
<colUsage columnID="3B9CD9A2-DF29-C569-8418-1B82637459E8"/>
</indexColumnUsage>
</ind_PK_UK>
</indexes>
</Table>
