<?xml version = '1.0' encoding = 'UTF-8'?>
<Table class="oracle.dbtools.crest.model.design.relational.Table" directorySegmentName="seg_0" id="99275E14-99CE-40CA-E077-906AB927D9CA" name="Filmstar">
<createdBy>tommy</createdBy>
<createdTime>2021-01-17 12:54:50 UTC</createdTime>
<generatorID>74C8C921-A466-4F80-0F5D-DB222D6B311D</generatorID>
<ownerDesignName>Filme</ownerDesignName>
<allowColumnReorder>false</allowColumnReorder>
<existDependencyGenerateInDDl>true</existDependencyGenerateInDDl>
<parsed>true</parsed>
<columns itemClass="oracle.dbtools.crest.model.design.relational.Column">
<Column name="ID" id="2C9E897C-2F4E-A3F1-D7FF-2CB2DDC0E6EF">
<createdBy>tommy</createdBy>
<createdTime>2021-01-17 12:54:50 UTC</createdTime>
<generatorID>5BE22E66-5F82-97B9-D966-C264E0AE4F83</generatorID>
<ownerDesignName>Filme</ownerDesignName>
<useDomainConstraints>false</useDomainConstraints>
<use>1</use>
<logicalDatatype>LOGDT011</logicalDatatype>
<ownDataTypeParameters>,,</ownDataTypeParameters>
<autoIncrementCycle>false</autoIncrementCycle>
</Column>
<Column name="Vorname" id="9C189625-9F3E-F5E3-E45D-F777CAE5E8BE">
<createdBy>tommy</createdBy>
<createdTime>2021-01-17 12:54:50 UTC</createdTime>
<generatorID>73407E9E-D9A3-D4AE-26CC-6819CFF80725</generatorID>
<ownerDesignName>Filme</ownerDesignName>
<useDomainConstraints>false</useDomainConstraints>
<use>1</use>
<logicalDatatype>LOGDT024</logicalDatatype>
<dataTypeSize>255</dataTypeSize>
<ownDataTypeParameters>255,,</ownDataTypeParameters>
<autoIncrementCycle>false</autoIncrementCycle>
</Column>
<Column name="Mittelname" id="7AE04F2A-A605-CE68-FF89-C2EF5087494A">
<createdBy>tommy</createdBy>
<createdTime>2021-01-17 12:54:50 UTC</createdTime>
<generatorID>65E081A8-B3E3-35F5-F8D4-5D2106EF3E48</generatorID>
<ownerDesignName>Filme</ownerDesignName>
<nullsAllowed>true</nullsAllowed>
<useDomainConstraints>false</useDomainConstraints>
<use>1</use>
<logicalDatatype>LOGDT024</logicalDatatype>
<dataTypeSize>255</dataTypeSize>
<ownDataTypeParameters>255,,</ownDataTypeParameters>
<autoIncrementCycle>false</autoIncrementCycle>
</Column>
<Column name="Nachname" id="CE854097-33BA-5ED9-6594-BDE1F14CD3EA">
<createdBy>tommy</createdBy>
<createdTime>2021-01-17 12:54:50 UTC</createdTime>
<generatorID>938E2FF8-9D66-583D-2A22-1D36E743C75E</generatorID>
<ownerDesignName>Filme</ownerDesignName>
<useDomainConstraints>false</useDomainConstraints>
<use>1</use>
<logicalDatatype>LOGDT024</logicalDatatype>
<dataTypeSize>255</dataTypeSize>
<ownDataTypeParameters>255,,</ownDataTypeParameters>
<autoIncrementCycle>false</autoIncrementCycle>
</Column>
<Column name="Herkunftsland" id="15B445FF-8BFB-76B1-481E-935891D54C77">
<createdBy>tommy</createdBy>
<createdTime>2021-01-17 12:54:50 UTC</createdTime>
<generatorID>FA4D9593-B716-4239-9264-BD7C95D5D5AB</generatorID>
<ownerDesignName>Filme</ownerDesignName>
<nullsAllowed>true</nullsAllowed>
<useDomainConstraints>false</useDomainConstraints>
<use>1</use>
<logicalDatatype>LOGDT024</logicalDatatype>
<dataTypeSize>255</dataTypeSize>
<ownDataTypeParameters>255,,</ownDataTypeParameters>
<autoIncrementCycle>false</autoIncrementCycle>
</Column>
</columns>
<indexes itemClass="oracle.dbtools.crest.model.design.relational.Index">
<ind_PK_UK id="DF1B4F82-F014-9CF6-0BDD-83E0B823DD35" name="Filmstar_PK">
<createdBy>tommy</createdBy>
<createdTime>2021-01-17 12:54:50 UTC</createdTime>
<generatorID>9AD9A416-E207-D660-D12C-891EB17E4D98</generatorID>
<ownerDesignName>Filme</ownerDesignName>
<pk>true</pk>
<indexState>Primary Constraint</indexState>
<isSurrogateKey>false</isSurrogateKey>
<indexColumnUsage>
<colUsage columnID="2C9E897C-2F4E-A3F1-D7FF-2CB2DDC0E6EF"/>
</indexColumnUsage>
</ind_PK_UK>
</indexes>
</Table>
