<?xml version = '1.0' encoding = 'UTF-8'?>
<Table class="oracle.dbtools.crest.model.design.relational.Table" directorySegmentName="seg_0" id="A790D199-3987-429B-648F-7E8910BC1151" name="IMDB">
<createdBy>tommy</createdBy>
<createdTime>2021-01-17 12:54:50 UTC</createdTime>
<generatorID>6236E12B-0185-B302-1ECD-4650BCF0EE5F</generatorID>
<ownerDesignName>Filme</ownerDesignName>
<allowColumnReorder>false</allowColumnReorder>
<existDependencyGenerateInDDl>true</existDependencyGenerateInDDl>
<parsed>true</parsed>
<columns itemClass="oracle.dbtools.crest.model.design.relational.Column">
<Column name="ID" id="8F7B7EAF-C6AB-6679-5D4F-4434A757A1DA">
<createdBy>tommy</createdBy>
<createdTime>2021-01-17 12:54:50 UTC</createdTime>
<generatorID>8AF69F61-19D0-AC00-BF94-C1CF74384225</generatorID>
<ownerDesignName>Filme</ownerDesignName>
<useDomainConstraints>false</useDomainConstraints>
<use>1</use>
<logicalDatatype>LOGDT011</logicalDatatype>
<ownDataTypeParameters>,,</ownDataTypeParameters>
<autoIncrementCycle>false</autoIncrementCycle>
</Column>
<Column name="Sterne" id="A3D3A172-B255-8FF0-8944-2A3F09E4388D">
<createdBy>tommy</createdBy>
<createdTime>2021-01-17 12:54:50 UTC</createdTime>
<generatorID>7B8C05CC-9845-532B-E352-B141EB3212AD</generatorID>
<ownerDesignName>Filme</ownerDesignName>
<useDomainConstraints>false</useDomainConstraints>
<use>1</use>
<logicalDatatype>LOGDT020</logicalDatatype>
<dataTypePrecision>1</dataTypePrecision>
<dataTypeScale>1</dataTypeScale>
<ownDataTypeParameters>,1,1</ownDataTypeParameters>
<autoIncrementCycle>false</autoIncrementCycle>
</Column>
</columns>
<indexes itemClass="oracle.dbtools.crest.model.design.relational.Index">
<ind_PK_UK id="3EC3CC38-5A7E-DF9C-23F5-BCEC4ACF0A70" name="IMDB_PK">
<createdBy>tommy</createdBy>
<createdTime>2021-01-17 12:54:50 UTC</createdTime>
<generatorID>6964ED86-C566-8873-72B7-7FF397C6BDCF</generatorID>
<ownerDesignName>Filme</ownerDesignName>
<pk>true</pk>
<indexState>Primary Constraint</indexState>
<isSurrogateKey>false</isSurrogateKey>
<indexColumnUsage>
<colUsage columnID="8F7B7EAF-C6AB-6679-5D4F-4434A757A1DA"/>
</indexColumnUsage>
</ind_PK_UK>
</indexes>
</Table>
