<?xml version = '1.0' encoding = 'UTF-8'?>
<Diagram class="oracle.dbtools.crest.swingui.relational.DPVRelational" name="Relational_1" id="0E0607CE-8783-B336-6CEC-08FD16E916C0">
<createdBy>tommy</createdBy>
<modifiedBy>tommy</modifiedBy>
<createdTime>2021-01-06 15:19:26 UTC</createdTime>
<autoRoute>false</autoRoute>
<boxInbox>true</boxInbox>
<showLegend>false</showLegend>
<showLabels>false</showLabels>
<showRelAttributes>false</showRelAttributes>
<gridEnabled>false</gridEnabled>
<showGrid>false</showGrid>
<diagramColor>-1</diagramColor>
<display>false</display>
<notation>1</notation>
<objectViews>
<OView class="oracle.dbtools.crest.swingui.relational.TVTable" oid="09AD42D2-F57A-1924-5369-9783ACC29DDD" otype="Table" vid="BF07B781-02A3-0C36-46D4-53262D9CB8E3">
<hideElementsInCurrentOnly>false</hideElementsInCurrentOnly>
<bounds x="719" y="618" width="170" height="110"/>
</OView>
<OView class="oracle.dbtools.crest.swingui.relational.TVTable" oid="0A9E4D83-7025-D83D-B2B2-A8B9C45AA9B3" otype="Table" vid="0FC901F1-D34C-FE3E-BED3-632633F166B6">
<hideElementsInCurrentOnly>false</hideElementsInCurrentOnly>
<bounds x="117" y="697" width="126" height="62"/>
<useCustomFormat>true</useCustomFormat>
<useDefaultColor>false</useDefaultColor>
<backgroundColor>-5971457</backgroundColor>
<foregroundColor>-16777216</foregroundColor>
<fonts itemClass="oracle.dbtools.crest.model.design.FontObjectWr">
<FontObject>
<foType>Titel</foType>
<fontStyle>1</fontStyle>
<colorRGB>-16776961</colorRGB>
</FontObject>
<FontObject>
<foType>Spalte</foType>
<colorRGB>-16777216</colorRGB>
</FontObject>
<FontObject>
<foType>Nicht null</foType>
<colorRGB>-65536</colorRGB>
</FontObject>
<FontObject>
<foType>PK-Element</foType>
<colorRGB>-16776961</colorRGB>
</FontObject>
<FontObject>
<foType>Datentyp</foType>
<colorRGB>-16744448</colorRGB>
</FontObject>
<FontObject>
<foType>UK-Element</foType>
<colorRGB>-16776961</colorRGB>
</FontObject>
<FontObject>
<foType>Schlüssel</foType>
<colorRGB>-16777216</colorRGB>
</FontObject>
</fonts>
</OView>
<OView class="oracle.dbtools.crest.swingui.relational.TVTable" oid="0AEB57CE-AAF5-3ED5-366C-AF3E06E70628" otype="Table" vid="5F2D96DA-6C0E-A0D0-5BD0-FD3A47BD2701">
<hideElementsInCurrentOnly>false</hideElementsInCurrentOnly>
<bounds x="10" y="353" width="159" height="77"/>
<useCustomFormat>true</useCustomFormat>
<useDefaultColor>false</useDefaultColor>
<backgroundColor>-5971457</backgroundColor>
<foregroundColor>-16777216</foregroundColor>
<fonts itemClass="oracle.dbtools.crest.model.design.FontObjectWr">
<FontObject>
<foType>Titel</foType>
<fontStyle>1</fontStyle>
<colorRGB>-16776961</colorRGB>
</FontObject>
<FontObject>
<foType>Spalte</foType>
<colorRGB>-16777216</colorRGB>
</FontObject>
<FontObject>
<foType>Nicht null</foType>
<colorRGB>-65536</colorRGB>
</FontObject>
<FontObject>
<foType>PK-Element</foType>
<colorRGB>-16776961</colorRGB>
</FontObject>
<FontObject>
<foType>Datentyp</foType>
<colorRGB>-16744448</colorRGB>
</FontObject>
<FontObject>
<foType>Schlüssel</foType>
<colorRGB>-16777216</colorRGB>
</FontObject>
</fonts>
</OView>
<OView class="oracle.dbtools.crest.swingui.relational.TVTable" oid="16574DBA-2B6D-4F1D-CA96-63441E8640D2" otype="Table" vid="7E0098B8-3D70-3C55-F8CD-F86DBCAC7057">
<hideElementsInCurrentOnly>false</hideElementsInCurrentOnly>
<bounds x="882" y="146" width="141" height="71"/>
<useCustomFormat>true</useCustomFormat>
<useDefaultColor>false</useDefaultColor>
<backgroundColor>-5971457</backgroundColor>
<foregroundColor>-16777216</foregroundColor>
<fonts itemClass="oracle.dbtools.crest.model.design.FontObjectWr">
<FontObject>
<foType>Titel</foType>
<fontStyle>1</fontStyle>
<colorRGB>-16776961</colorRGB>
</FontObject>
<FontObject>
<foType>Spalte</foType>
<colorRGB>-16777216</colorRGB>
</FontObject>
<FontObject>
<foType>Nicht null</foType>
<colorRGB>-65536</colorRGB>
</FontObject>
<FontObject>
<foType>PK-Element</foType>
<colorRGB>-16776961</colorRGB>
</FontObject>
<FontObject>
<foType>Datentyp</foType>
<colorRGB>-16744448</colorRGB>
</FontObject>
<FontObject>
<foType>Schlüssel</foType>
<colorRGB>-16777216</colorRGB>
</FontObject>
</fonts>
</OView>
<OView class="oracle.dbtools.crest.swingui.relational.TVTable" oid="2F0BC1DA-F542-0A85-D8D7-82E4D959B644" otype="Table" vid="4BF90915-2CAF-81E9-F978-7A4807730339">
<hideElementsInCurrentOnly>false</hideElementsInCurrentOnly>
<bounds x="1238" y="238" width="149" height="74"/>
</OView>
<OView class="oracle.dbtools.crest.swingui.relational.TVTable" oid="3667819E-6FD9-937D-3111-0DB9BBAF8F98" otype="Table" vid="32DDC1AB-DF2A-AE84-4232-A47BBD893AC0">
<hideElementsInCurrentOnly>false</hideElementsInCurrentOnly>
<bounds x="341" y="682" width="138" height="82"/>
<useCustomFormat>true</useCustomFormat>
<useDefaultColor>false</useDefaultColor>
<backgroundColor>-5971457</backgroundColor>
<foregroundColor>-16777216</foregroundColor>
<fonts itemClass="oracle.dbtools.crest.model.design.FontObjectWr">
<FontObject>
<foType>Titel</foType>
<fontStyle>1</fontStyle>
<colorRGB>-16776961</colorRGB>
</FontObject>
<FontObject>
<foType>Spalte</foType>
<colorRGB>-16777216</colorRGB>
</FontObject>
<FontObject>
<foType>Nicht null</foType>
<colorRGB>-65536</colorRGB>
</FontObject>
<FontObject>
<foType>PK-Element</foType>
<colorRGB>-16776961</colorRGB>
</FontObject>
<FontObject>
<foType>Datentyp</foType>
<colorRGB>-16744448</colorRGB>
</FontObject>
<FontObject>
<foType>Schlüssel</foType>
<colorRGB>-16777216</colorRGB>
</FontObject>
</fonts>
</OView>
<OView class="oracle.dbtools.crest.swingui.relational.TVTable" oid="3E77A5BE-3220-FD84-0061-68CE272E1E51" otype="Table" vid="4356D405-0089-FCFA-28B9-29FC07D5DD81">
<hideElementsInCurrentOnly>false</hideElementsInCurrentOnly>
<bounds x="1012" y="235" width="149" height="74"/>
</OView>
<OView class="oracle.dbtools.crest.swingui.relational.TVTable" oid="434A36B3-A75D-98F9-C785-369FF5D2180C" otype="Table" vid="E057EB6B-EBC9-913A-A1D2-0C2695A1C448">
<hideElementsInCurrentOnly>false</hideElementsInCurrentOnly>
<bounds x="118" y="769" width="128" height="65"/>
<useCustomFormat>true</useCustomFormat>
<useDefaultColor>false</useDefaultColor>
<backgroundColor>-5971457</backgroundColor>
<foregroundColor>-16777216</foregroundColor>
<fonts itemClass="oracle.dbtools.crest.model.design.FontObjectWr">
<FontObject>
<foType>Titel</foType>
<fontStyle>1</fontStyle>
<colorRGB>-16776961</colorRGB>
</FontObject>
<FontObject>
<foType>Spalte</foType>
<colorRGB>-16777216</colorRGB>
</FontObject>
<FontObject>
<foType>Nicht null</foType>
<colorRGB>-65536</colorRGB>
</FontObject>
<FontObject>
<foType>PK-Element</foType>
<colorRGB>-16776961</colorRGB>
</FontObject>
<FontObject>
<foType>Datentyp</foType>
<colorRGB>-16744448</colorRGB>
</FontObject>
<FontObject>
<foType>UK-Element</foType>
<colorRGB>-16776961</colorRGB>
</FontObject>
<FontObject>
<foType>Schlüssel</foType>
<colorRGB>-16777216</colorRGB>
</FontObject>
</fonts>
</OView>
<OView class="oracle.dbtools.crest.swingui.relational.TVTable" oid="45AC46D6-0F8F-D8FA-773C-B28369F0C7BC" otype="Table" vid="2FBC8AA9-8474-8B37-A467-B1F5C20751DD">
<hideElementsInCurrentOnly>false</hideElementsInCurrentOnly>
<bounds x="1003" y="635" width="170" height="110"/>
</OView>
<OView class="oracle.dbtools.crest.swingui.relational.TVTable" oid="5ADA4C0C-514B-7A73-1755-9971E53C797F" otype="Table" vid="1675B9A7-5B15-B262-4B6F-F20228BD90D3">
<hideElementsInCurrentOnly>false</hideElementsInCurrentOnly>
<bounds x="310" y="570" width="170" height="110"/>
</OView>
<OView class="oracle.dbtools.crest.swingui.relational.TVTable" oid="6F95B6A3-E60B-54CB-AEE4-05EB67A737D4" otype="Table" vid="30E85D53-3817-9FDF-97BA-C9C884FC6072">
<hideElementsInCurrentOnly>false</hideElementsInCurrentOnly>
<bounds x="1171" y="3" width="141" height="71"/>
<useCustomFormat>true</useCustomFormat>
<useDefaultColor>false</useDefaultColor>
<backgroundColor>-5971457</backgroundColor>
<foregroundColor>-16777216</foregroundColor>
<fonts itemClass="oracle.dbtools.crest.model.design.FontObjectWr">
<FontObject>
<foType>Titel</foType>
<fontStyle>1</fontStyle>
<colorRGB>-16776961</colorRGB>
</FontObject>
<FontObject>
<foType>Spalte</foType>
<colorRGB>-16777216</colorRGB>
</FontObject>
<FontObject>
<foType>Nicht null</foType>
<colorRGB>-65536</colorRGB>
</FontObject>
<FontObject>
<foType>PK-Element</foType>
<colorRGB>-16776961</colorRGB>
</FontObject>
<FontObject>
<foType>Datentyp</foType>
<colorRGB>-16744448</colorRGB>
</FontObject>
<FontObject>
<foType>Schlüssel</foType>
<colorRGB>-16777216</colorRGB>
</FontObject>
</fonts>
</OView>
<OView class="oracle.dbtools.crest.swingui.relational.TVTable" oid="780C439B-BCEF-473A-208F-42F5B9B5F081" otype="Table" vid="9EAC7D54-D2F0-4B0D-193F-21F3B0221B8A">
<hideElementsInCurrentOnly>false</hideElementsInCurrentOnly>
<bounds x="110" y="170" width="170" height="110"/>
<useCustomFormat>true</useCustomFormat>
<useDefaultColor>false</useDefaultColor>
<backgroundColor>-5971457</backgroundColor>
<foregroundColor>-16777216</foregroundColor>
<fonts itemClass="oracle.dbtools.crest.model.design.FontObjectWr">
<FontObject>
<foType>Titel</foType>
<fontStyle>1</fontStyle>
<colorRGB>-16776961</colorRGB>
</FontObject>
<FontObject>
<foType>Spalte</foType>
<colorRGB>-16777216</colorRGB>
</FontObject>
<FontObject>
<foType>Nicht null</foType>
<colorRGB>-65536</colorRGB>
</FontObject>
<FontObject>
<foType>PK-Element</foType>
<colorRGB>-16776961</colorRGB>
</FontObject>
<FontObject>
<foType>Datentyp</foType>
<colorRGB>-16744448</colorRGB>
</FontObject>
<FontObject>
<foType>Schlüssel</foType>
<colorRGB>-16777216</colorRGB>
</FontObject>
</fonts>
</OView>
<OView class="oracle.dbtools.crest.swingui.relational.TVTable" oid="8EBEA950-CACC-8986-87BC-BAF6F880A32B" otype="Table" vid="2E0297C3-8341-0C4F-A4DE-2A765657AE1D">
<hideElementsInCurrentOnly>false</hideElementsInCurrentOnly>
<bounds x="20" y="4" width="518" height="276"/>
<useCustomFormat>true</useCustomFormat>
<useDefaultColor>false</useDefaultColor>
<backgroundColor>-5971457</backgroundColor>
<foregroundColor>-16777216</foregroundColor>
<fonts itemClass="oracle.dbtools.crest.model.design.FontObjectWr">
<FontObject>
<foType>Titel</foType>
<fontStyle>1</fontStyle>
<colorRGB>-16776961</colorRGB>
</FontObject>
<FontObject>
<foType>Spalte</foType>
<colorRGB>-16777216</colorRGB>
</FontObject>
<FontObject>
<foType>Nicht null</foType>
<colorRGB>-65536</colorRGB>
</FontObject>
<FontObject>
<foType>Datentyp</foType>
<colorRGB>-16744448</colorRGB>
</FontObject>
<FontObject>
<foType>FK-Element</foType>
<colorRGB>-16777216</colorRGB>
</FontObject>
<FontObject>
<foType>PK-Element</foType>
<colorRGB>-16776961</colorRGB>
</FontObject>
<FontObject>
<foType>Schlüssel</foType>
<colorRGB>-16777216</colorRGB>
</FontObject>
</fonts>
</OView>
<OView class="oracle.dbtools.crest.swingui.relational.TVTable" oid="99275E14-99CE-40CA-E077-906AB927D9CA" otype="Table" vid="F9C2D53D-26D1-70A4-80F8-25886F4792F4">
<hideElementsInCurrentOnly>false</hideElementsInCurrentOnly>
<bounds x="61" y="482" width="259" height="376"/>
<useCustomFormat>true</useCustomFormat>
<useDefaultColor>false</useDefaultColor>
<backgroundColor>-5971457</backgroundColor>
<foregroundColor>-16777216</foregroundColor>
<fonts itemClass="oracle.dbtools.crest.model.design.FontObjectWr">
<FontObject>
<foType>Titel</foType>
<fontStyle>1</fontStyle>
<colorRGB>-16776961</colorRGB>
</FontObject>
<FontObject>
<foType>Spalte</foType>
<colorRGB>-16777216</colorRGB>
</FontObject>
<FontObject>
<foType>Nicht null</foType>
<colorRGB>-65536</colorRGB>
</FontObject>
<FontObject>
<foType>PK-Element</foType>
<colorRGB>-16776961</colorRGB>
</FontObject>
<FontObject>
<foType>Datentyp</foType>
<colorRGB>-16744448</colorRGB>
</FontObject>
<FontObject>
<foType>Schlüssel</foType>
<colorRGB>-16777216</colorRGB>
</FontObject>
</fonts>
</OView>
<OView class="oracle.dbtools.crest.swingui.relational.TVTable" oid="A275F979-44B4-AFDE-DE62-D08318A840FE" otype="Table" vid="02171A99-9369-3D6E-F050-0A3FBC6C12AB">
<hideElementsInCurrentOnly>false</hideElementsInCurrentOnly>
<bounds x="710" y="73" width="141" height="71"/>
<useCustomFormat>true</useCustomFormat>
<useDefaultColor>false</useDefaultColor>
<backgroundColor>-5971457</backgroundColor>
<foregroundColor>-16777216</foregroundColor>
<fonts itemClass="oracle.dbtools.crest.model.design.FontObjectWr">
<FontObject>
<foType>Titel</foType>
<fontStyle>1</fontStyle>
<colorRGB>-16776961</colorRGB>
</FontObject>
<FontObject>
<foType>Spalte</foType>
<colorRGB>-16777216</colorRGB>
</FontObject>
<FontObject>
<foType>Nicht null</foType>
<colorRGB>-65536</colorRGB>
</FontObject>
<FontObject>
<foType>PK-Element</foType>
<colorRGB>-16776961</colorRGB>
</FontObject>
<FontObject>
<foType>Datentyp</foType>
<colorRGB>-16744448</colorRGB>
</FontObject>
<FontObject>
<foType>Schlüssel</foType>
<colorRGB>-16777216</colorRGB>
</FontObject>
</fonts>
</OView>
<OView class="oracle.dbtools.crest.swingui.relational.TVTable" oid="A790D199-3987-429B-648F-7E8910BC1151" otype="Table" vid="7B9BDDAA-E33E-E0FE-0A17-59268FC979D2">
<hideElementsInCurrentOnly>false</hideElementsInCurrentOnly>
<bounds x="432" y="360" width="159" height="77"/>
<useCustomFormat>true</useCustomFormat>
<useDefaultColor>false</useDefaultColor>
<backgroundColor>-5971457</backgroundColor>
<foregroundColor>-16777216</foregroundColor>
<fonts itemClass="oracle.dbtools.crest.model.design.FontObjectWr">
<FontObject>
<foType>Titel</foType>
<fontStyle>1</fontStyle>
<colorRGB>-16776961</colorRGB>
</FontObject>
<FontObject>
<foType>Spalte</foType>
<colorRGB>-16777216</colorRGB>
</FontObject>
<FontObject>
<foType>Nicht null</foType>
<colorRGB>-65536</colorRGB>
</FontObject>
<FontObject>
<foType>PK-Element</foType>
<colorRGB>-16776961</colorRGB>
</FontObject>
<FontObject>
<foType>Datentyp</foType>
<colorRGB>-16744448</colorRGB>
</FontObject>
<FontObject>
<foType>Schlüssel</foType>
<colorRGB>-16777216</colorRGB>
</FontObject>
</fonts>
</OView>
<OView class="oracle.dbtools.crest.swingui.relational.TVTable" oid="CB917C41-F76C-7977-9359-B2822E16CF63" otype="Table" vid="007E63BE-9A6E-E44F-FB5A-882C14718B0E">
<hideElementsInCurrentOnly>false</hideElementsInCurrentOnly>
<bounds x="219" y="357" width="159" height="77"/>
<useCustomFormat>true</useCustomFormat>
<useDefaultColor>false</useDefaultColor>
<backgroundColor>-5971457</backgroundColor>
<foregroundColor>-16777216</foregroundColor>
<fonts itemClass="oracle.dbtools.crest.model.design.FontObjectWr">
<FontObject>
<foType>Titel</foType>
<fontStyle>1</fontStyle>
<colorRGB>-16776961</colorRGB>
</FontObject>
<FontObject>
<foType>Spalte</foType>
<colorRGB>-16777216</colorRGB>
</FontObject>
<FontObject>
<foType>Nicht null</foType>
<colorRGB>-65536</colorRGB>
</FontObject>
<FontObject>
<foType>PK-Element</foType>
<colorRGB>-16776961</colorRGB>
</FontObject>
<FontObject>
<foType>Datentyp</foType>
<colorRGB>-16744448</colorRGB>
</FontObject>
<FontObject>
<foType>Schlüssel</foType>
<colorRGB>-16777216</colorRGB>
</FontObject>
</fonts>
</OView>
<OView class="oracle.dbtools.crest.swingui.relational.TVTable" oid="DC12256A-099E-B414-8E0B-3046CE1332C3" otype="Table" vid="86513AAA-62CC-35AC-13C8-E3981D35A0FF">
<hideElementsInCurrentOnly>false</hideElementsInCurrentOnly>
<bounds x="116" y="616" width="125" height="69"/>
<useCustomFormat>true</useCustomFormat>
<useDefaultColor>false</useDefaultColor>
<backgroundColor>-5971457</backgroundColor>
<foregroundColor>-16777216</foregroundColor>
<fonts itemClass="oracle.dbtools.crest.model.design.FontObjectWr">
<FontObject>
<foType>Titel</foType>
<fontStyle>1</fontStyle>
<colorRGB>-16776961</colorRGB>
</FontObject>
<FontObject>
<foType>Spalte</foType>
<colorRGB>-16777216</colorRGB>
</FontObject>
<FontObject>
<foType>Nicht null</foType>
<colorRGB>-65536</colorRGB>
</FontObject>
<FontObject>
<foType>PK-Element</foType>
<colorRGB>-16776961</colorRGB>
</FontObject>
<FontObject>
<foType>Datentyp</foType>
<colorRGB>-16744448</colorRGB>
</FontObject>
<FontObject>
<foType>UK-Element</foType>
<colorRGB>-16776961</colorRGB>
</FontObject>
<FontObject>
<foType>Schlüssel</foType>
<colorRGB>-16777216</colorRGB>
</FontObject>
</fonts>
</OView>
<OView class="oracle.dbtools.crest.swingui.relational.TVTable" oid="ED92BE38-2EAC-0847-1D40-15164FC39A9C" otype="Table" vid="5D228C56-E933-53A9-394A-5E7E8795AA2B">
<hideElementsInCurrentOnly>false</hideElementsInCurrentOnly>
<bounds x="336" y="524" width="138" height="82"/>
<useCustomFormat>true</useCustomFormat>
<useDefaultColor>false</useDefaultColor>
<backgroundColor>-5971457</backgroundColor>
<foregroundColor>-16777216</foregroundColor>
<fonts itemClass="oracle.dbtools.crest.model.design.FontObjectWr">
<FontObject>
<foType>Titel</foType>
<fontStyle>1</fontStyle>
<colorRGB>-16776961</colorRGB>
</FontObject>
<FontObject>
<foType>Spalte</foType>
<colorRGB>-16777216</colorRGB>
</FontObject>
<FontObject>
<foType>Nicht null</foType>
<colorRGB>-65536</colorRGB>
</FontObject>
<FontObject>
<foType>PK-Element</foType>
<colorRGB>-16776961</colorRGB>
</FontObject>
<FontObject>
<foType>Datentyp</foType>
<colorRGB>-16744448</colorRGB>
</FontObject>
<FontObject>
<foType>FK-Element</foType>
<colorRGB>-16777216</colorRGB>
</FontObject>
<FontObject>
<foType>Schlüssel</foType>
<colorRGB>-16777216</colorRGB>
</FontObject>
</fonts>
</OView>
</objectViews>
<connectors>
<Connector class="oracle.dbtools.crest.swingui.relational.TVFKRelation" oid="0304535B-85CF-E22E-004A-C0C128FC857A" otype="FKIndexAssociation" vid_source="02171A99-9369-3D6E-F050-0A3FBC6C12AB" vid_target="BF07B781-02A3-0C36-46D4-53262D9CB8E3">
<hideElementsInCurrentOnly>false</hideElementsInCurrentOnly>
<backgroundColor>-16777216</backgroundColor>
<lineWidth>1</lineWidth>
<points>
<point x="785" y="144"/>
<point x="785" y="618"/>
</points>
</Connector>
<Connector class="oracle.dbtools.crest.swingui.relational.TVFKRelation" oid="096E5B3E-54EF-47B3-EC01-DA7F0EC751D2" otype="FKIndexAssociation" vid_source="2E0297C3-8341-0C4F-A4DE-2A765657AE1D" vid_target="5D228C56-E933-53A9-394A-5E7E8795AA2B">
<hideElementsInCurrentOnly>false</hideElementsInCurrentOnly>
<backgroundColor>-16777216</backgroundColor>
<lineWidth>1</lineWidth>
<points>
<point x="420" y="280"/>
<point x="420" y="524"/>
</points>
</Connector>
<Connector class="oracle.dbtools.crest.swingui.relational.TVFKRelation" oid="22FB2848-9143-CC90-9A1B-CE08C603C2B5" otype="FKIndexAssociation" vid_source="007E63BE-9A6E-E44F-FB5A-882C14718B0E" vid_target="2E0297C3-8341-0C4F-A4DE-2A765657AE1D">
<hideElementsInCurrentOnly>false</hideElementsInCurrentOnly>
<backgroundColor>-16777216</backgroundColor>
<lineWidth>1</lineWidth>
<points>
<point x="304" y="357"/>
<point x="304" y="280"/>
</points>
</Connector>
<Connector class="oracle.dbtools.crest.swingui.relational.TVFKRelation" oid="46092490-D79C-C92F-3C10-E893DE81AE89" otype="FKIndexAssociation" vid_source="30E85D53-3817-9FDF-97BA-C9C884FC6072" vid_target="2FBC8AA9-8474-8B37-A467-B1F5C20751DD">
<hideElementsInCurrentOnly>false</hideElementsInCurrentOnly>
<backgroundColor>-16777216</backgroundColor>
<lineWidth>1</lineWidth>
<points>
<point x="1172" y="74"/>
<point x="1172" y="635"/>
</points>
</Connector>
<Connector class="oracle.dbtools.crest.swingui.relational.TVFKRelation" oid="466B1FF2-35B5-F224-F8C1-BFFE2AF06CA6" otype="FKIndexAssociation" vid_source="2E0297C3-8341-0C4F-A4DE-2A765657AE1D" vid_target="9EAC7D54-D2F0-4B0D-193F-21F3B0221B8A">
<hideElementsInCurrentOnly>false</hideElementsInCurrentOnly>
<backgroundColor>-16777216</backgroundColor>
<lineWidth>1</lineWidth>
<points>
<point x="538" y="225"/>
<point x="110" y="225"/>
</points>
</Connector>
<Connector class="oracle.dbtools.crest.swingui.relational.TVFKRelation" oid="4FE7C31A-E4A8-C69E-7B36-551234B7E719" otype="FKIndexAssociation" vid_source="F9C2D53D-26D1-70A4-80F8-25886F4792F4" vid_target="E057EB6B-EBC9-913A-A1D2-0C2695A1C448">
<hideElementsInCurrentOnly>false</hideElementsInCurrentOnly>
<backgroundColor>-16777216</backgroundColor>
<lineWidth>1</lineWidth>
<points>
<point x="320" y="811"/>
<point x="118" y="811"/>
</points>
</Connector>
<Connector class="oracle.dbtools.crest.swingui.relational.TVFKRelation" oid="5AC3F150-81D3-31FB-4DAF-B7713CE34328" otype="FKIndexAssociation" vid_source="F9C2D53D-26D1-70A4-80F8-25886F4792F4" vid_target="0FC901F1-D34C-FE3E-BED3-632633F166B6">
<hideElementsInCurrentOnly>false</hideElementsInCurrentOnly>
<backgroundColor>-16777216</backgroundColor>
<lineWidth>1</lineWidth>
<points>
<point x="320" y="723"/>
<point x="117" y="723"/>
</points>
</Connector>
<Connector class="oracle.dbtools.crest.swingui.relational.TVFKRelation" oid="649B2632-25CF-CD43-E604-257459492CE4" otype="FKIndexAssociation" vid_source="2E0297C3-8341-0C4F-A4DE-2A765657AE1D" vid_target="2FBC8AA9-8474-8B37-A467-B1F5C20751DD">
<hideElementsInCurrentOnly>false</hideElementsInCurrentOnly>
<backgroundColor>-16777216</backgroundColor>
<lineWidth>1</lineWidth>
<points>
<point x="482" y="280"/>
<point x="1006" y="635"/>
</points>
</Connector>
<Connector class="oracle.dbtools.crest.swingui.relational.TVFKRelation" oid="69FDAD30-03A6-BE12-216F-0C2D12803C67" otype="FKIndexAssociation" vid_source="4BF90915-2CAF-81E9-F978-7A4807730339" vid_target="4356D405-0089-FCFA-28B9-29FC07D5DD81">
<hideElementsInCurrentOnly>false</hideElementsInCurrentOnly>
<backgroundColor>-16777216</backgroundColor>
<lineWidth>1</lineWidth>
<points>
<point x="1238" y="258"/>
<point x="1161" y="258"/>
</points>
</Connector>
<Connector class="oracle.dbtools.crest.swingui.relational.TVFKRelation" oid="7C7D53C6-520C-53A8-6160-C4556353D23E" otype="FKIndexAssociation" vid_source="5F2D96DA-6C0E-A0D0-5BD0-FD3A47BD2701" vid_target="2E0297C3-8341-0C4F-A4DE-2A765657AE1D">
<hideElementsInCurrentOnly>false</hideElementsInCurrentOnly>
<backgroundColor>-16777216</backgroundColor>
<lineWidth>1</lineWidth>
<points>
<point x="98" y="353"/>
<point x="98" y="280"/>
</points>
</Connector>
<Connector class="oracle.dbtools.crest.swingui.relational.TVFKRelation" oid="7E25E75C-3E57-01EE-7273-43111CAECAB8" otype="FKIndexAssociation" vid_source="32DDC1AB-DF2A-AE84-4232-A47BBD893AC0" vid_target="5D228C56-E933-53A9-394A-5E7E8795AA2B">
<hideElementsInCurrentOnly>false</hideElementsInCurrentOnly>
<backgroundColor>-16777216</backgroundColor>
<lineWidth>1</lineWidth>
<points>
<point x="407" y="682"/>
<point x="407" y="606"/>
</points>
</Connector>
<Connector class="oracle.dbtools.crest.swingui.relational.TVFKRelation" oid="A77A11BA-6488-AACB-A5F0-2FBFBA78AE43" otype="FKIndexAssociation" vid_source="2E0297C3-8341-0C4F-A4DE-2A765657AE1D" vid_target="BF07B781-02A3-0C36-46D4-53262D9CB8E3">
<hideElementsInCurrentOnly>false</hideElementsInCurrentOnly>
<backgroundColor>-16777216</backgroundColor>
<lineWidth>1</lineWidth>
<points>
<point x="415" y="280"/>
<point x="749" y="618"/>
</points>
</Connector>
<Connector class="oracle.dbtools.crest.swingui.relational.TVFKRelation" oid="BC6323C6-999C-78A5-D9AA-DC4320701533" otype="FKIndexAssociation" vid_source="7E0098B8-3D70-3C55-F8CD-F86DBCAC7057" vid_target="1675B9A7-5B15-B262-4B6F-F20228BD90D3">
<hideElementsInCurrentOnly>false</hideElementsInCurrentOnly>
<backgroundColor>-16777216</backgroundColor>
<lineWidth>1</lineWidth>
<points>
<point x="907" y="217"/>
<point x="464" y="570"/>
</points>
</Connector>
<Connector class="oracle.dbtools.crest.swingui.relational.TVFKRelation" oid="C49512C6-7F27-7317-E168-B5D47EB64422" otype="FKIndexAssociation" vid_source="F9C2D53D-26D1-70A4-80F8-25886F4792F4" vid_target="86513AAA-62CC-35AC-13C8-E3981D35A0FF">
<hideElementsInCurrentOnly>false</hideElementsInCurrentOnly>
<backgroundColor>-16777216</backgroundColor>
<lineWidth>1</lineWidth>
<points>
<point x="320" y="645"/>
<point x="116" y="645"/>
</points>
</Connector>
<Connector class="oracle.dbtools.crest.swingui.relational.TVFKRelation" oid="CD4E6C6F-12CA-AE67-96AC-8F605A2FCEB0" otype="FKIndexAssociation" vid_source="7B9BDDAA-E33E-E0FE-0A17-59268FC979D2" vid_target="2E0297C3-8341-0C4F-A4DE-2A765657AE1D">
<hideElementsInCurrentOnly>false</hideElementsInCurrentOnly>
<backgroundColor>-16777216</backgroundColor>
<lineWidth>1</lineWidth>
<points>
<point x="485" y="360"/>
<point x="485" y="280"/>
</points>
</Connector>
<Connector class="oracle.dbtools.crest.swingui.relational.TVFKRelation" oid="D86D6E65-094C-A054-E270-DC7DF4E02F36" otype="FKIndexAssociation" vid_source="2E0297C3-8341-0C4F-A4DE-2A765657AE1D" vid_target="4356D405-0089-FCFA-28B9-29FC07D5DD81">
<hideElementsInCurrentOnly>false</hideElementsInCurrentOnly>
<backgroundColor>-16777216</backgroundColor>
<lineWidth>1</lineWidth>
<points>
<point x="538" y="242"/>
<point x="1012" y="242"/>
</points>
</Connector>
<Connector class="oracle.dbtools.crest.swingui.relational.TVFKRelation" oid="DFA1BFDC-C9C3-797E-06DC-A2AC9B62E007" otype="FKIndexAssociation" vid_source="2E0297C3-8341-0C4F-A4DE-2A765657AE1D" vid_target="1675B9A7-5B15-B262-4B6F-F20228BD90D3">
<hideElementsInCurrentOnly>false</hideElementsInCurrentOnly>
<backgroundColor>-16777216</backgroundColor>
<lineWidth>1</lineWidth>
<points>
<point x="395" y="280"/>
<point x="395" y="570"/>
</points>
</Connector>
<Connector class="oracle.dbtools.crest.swingui.relational.TVFKRelation" oid="EA4B1CC5-62B8-3C66-705D-02EDAD89DF06" otype="FKIndexAssociation" vid_source="0FC901F1-D34C-FE3E-BED3-632633F166B6" vid_target="9EAC7D54-D2F0-4B0D-193F-21F3B0221B8A">
<hideElementsInCurrentOnly>false</hideElementsInCurrentOnly>
<backgroundColor>-16777216</backgroundColor>
<lineWidth>1</lineWidth>
<points>
<point x="184" y="697"/>
<point x="184" y="280"/>
</points>
</Connector>
<Connector class="oracle.dbtools.crest.swingui.relational.TVFKRelation" oid="F420976F-D42A-7AA6-FC2C-18E6C8BA3094" otype="FKIndexAssociation" vid_source="32DDC1AB-DF2A-AE84-4232-A47BBD893AC0" vid_target="5D228C56-E933-53A9-394A-5E7E8795AA2B">
<hideElementsInCurrentOnly>false</hideElementsInCurrentOnly>
<backgroundColor>-16777216</backgroundColor>
<lineWidth>1</lineWidth>
<points>
<point x="456" y="682"/>
<point x="456" y="606"/>
</points>
</Connector>
</connectors>
<arcs>
<Arc class="oracle.dbtools.crest.swingui.relational.TVFKArc" oid="AA86657E-B8CD-3724-58D3-FB518302E966" otype="FKArc" vid="04929A02-4C31-DE53-2254-E85A3B9FA843">
<hideElementsInCurrentOnly>false</hideElementsInCurrentOnly>
<bounds x="41" y="462" width="299" height="416"/>
</Arc>
</arcs>
</Diagram>
