<?xml version = '1.0' encoding = 'UTF-8'?>
<FKIndexAssociation class="oracle.dbtools.crest.model.design.relational.FKIndexAssociation" directorySegmentName="seg_0" id="0F7AC071-0EAA-0775-2AA7-62A6D70B0C67" containerWithKeyObject="ED92BE38-2EAC-0847-1D40-15164FC39A9C" localFKIndex="F2440B43-2D2B-BC4B-C5B3-13220835D010" name="Verleihhistorie_Film_Titel_FK">
<createdBy>tommy</createdBy>
<createdTime>2021-01-17 12:54:50 UTC</createdTime>
<generatorID>B31667A7-8ED9-B1D0-82FB-AC1C539B6845</generatorID>
<ownerDesignName>Projekt</ownerDesignName>
<referredTableLongName>Film_Titel</referredTableLongName>
<deleteRule>NO ACTION</deleteRule>
<referredTableID>B336232A-42DB-C8CF-6FBD-09D3B91C0BA8</referredTableID>
<keyObject>5AB05E08-0242-CA2D-BF24-7CF8E475C301</keyObject>
<referredKeyID>5AB05E08-0242-CA2D-BF24-7CF8E475C301</referredKeyID>
<mandatory>true</mandatory>
<refColNames>ID</refColNames>
<transferable>true</transferable>
<rely>false</rely>
<columnDependencyConstraintGenerateInDDL>true</columnDependencyConstraintGenerateInDDL>
</FKIndexAssociation>