<?xml version = '1.0' encoding = 'UTF-8'?>
<FKIndexAssociation class="oracle.dbtools.crest.model.design.relational.FKIndexAssociation" directorySegmentName="seg_0" id="1C927528-4B4F-08C6-6516-D08975A4FB85" containerWithKeyObject="8EBEA950-CACC-8986-87BC-BAF6F880A32B" localFKIndex="603143B2-48D5-69C8-6208-068B6267E9D2" name="Film_Details_Sprache_FK">
<createdBy>tommy</createdBy>
<createdTime>2021-01-17 12:54:50 UTC</createdTime>
<generatorID>8F63268C-68A9-18D5-DEE7-B56BCDDFB10B</generatorID>
<ownerDesignName>Projekt</ownerDesignName>
<referredTableLongName>Sprache</referredTableLongName>
<deleteRule>NO ACTION</deleteRule>
<referredTableID>A275F979-44B4-AFDE-DE62-D08318A840FE</referredTableID>
<keyObject>0C7A3BAB-D857-05B4-9062-A3FCA5E22070</keyObject>
<referredKeyID>0C7A3BAB-D857-05B4-9062-A3FCA5E22070</referredKeyID>
<mandatory>true</mandatory>
<refColNames>ID</refColNames>
<transferable>true</transferable>
<rely>false</rely>
<columnDependencyConstraintGenerateInDDL>true</columnDependencyConstraintGenerateInDDL>
</FKIndexAssociation>