<?xml version = '1.0' encoding = 'UTF-8'?>
<FKIndexAssociation class="oracle.dbtools.crest.model.design.relational.FKIndexAssociation" directorySegmentName="seg_0" id="4FE7C31A-E4A8-C69E-7B36-551234B7E719" containerWithKeyObject="434A36B3-A75D-98F9-C785-369FF5D2180C" localFKIndex="7E4BC2BB-76DA-26E4-7070-B94B4C623718" name="Produzent_Filmstar_FK">
<createdBy>tommy</createdBy>
<createdTime>2021-01-17 12:54:50 UTC</createdTime>
<generatorID>C6B35265-5282-63FE-F146-455065845BD9</generatorID>
<ownerDesignName>Projekt</ownerDesignName>
<referredTableLongName>Filmstar</referredTableLongName>
<arc>AA86657E-B8CD-3724-58D3-FB518302E966</arc>
<deleteRule>NO ACTION</deleteRule>
<referredTableID>99275E14-99CE-40CA-E077-906AB927D9CA</referredTableID>
<keyObject>DF1B4F82-F014-9CF6-0BDD-83E0B823DD35</keyObject>
<referredKeyID>DF1B4F82-F014-9CF6-0BDD-83E0B823DD35</referredKeyID>
<mandatory>true</mandatory>
<refColNames>ID</refColNames>
<transferable>true</transferable>
<rely>false</rely>
<columnDependencyConstraintGenerateInDDL>true</columnDependencyConstraintGenerateInDDL>
</FKIndexAssociation>