<?xml version = '1.0' encoding = 'UTF-8'?>
<FKIndexAssociation class="oracle.dbtools.crest.model.design.relational.FKIndexAssociation" directorySegmentName="seg_0" id="55D32AC7-0CF5-3354-4553-EE1CB343707F" containerWithKeyObject="8EBEA950-CACC-8986-87BC-BAF6F880A32B" localFKIndex="BAEF1651-C5A3-89B2-205E-E4D232457E1D" name="Film_Details_Genre_FK">
<createdBy>tommy</createdBy>
<createdTime>2021-01-17 12:54:50 UTC</createdTime>
<generatorID>5B626F80-3300-E70C-3B3B-1E6208D9C971</generatorID>
<ownerDesignName>Projekt</ownerDesignName>
<referredTableLongName>Genre</referredTableLongName>
<deleteRule>NO ACTION</deleteRule>
<referredTableID>6F95B6A3-E60B-54CB-AEE4-05EB67A737D4</referredTableID>
<keyObject>0B77151F-9567-1611-FF25-64734F008F78</keyObject>
<referredKeyID>0B77151F-9567-1611-FF25-64734F008F78</referredKeyID>
<mandatory>true</mandatory>
<refColNames>ID</refColNames>
<transferable>true</transferable>
<rely>false</rely>
<columnDependencyConstraintGenerateInDDL>true</columnDependencyConstraintGenerateInDDL>
</FKIndexAssociation>