<?xml version = '1.0' encoding = 'UTF-8'?>
<FKIndexAssociation class="oracle.dbtools.crest.model.design.relational.FKIndexAssociation" directorySegmentName="seg_0" id="564976FC-7B4A-D81A-9FC0-7EE03E0A1A0F" containerWithKeyObject="8A3174FA-E8AB-B814-65E4-03A0A24C5FE4" localFKIndex="06BA3499-6695-455F-5DFC-EE80D0866DF0" name="Medium_Eigenschaften_Medium_FK">
<createdBy>tommy</createdBy>
<createdTime>2021-01-17 12:54:50 UTC</createdTime>
<generatorID>E2016BD1-0CE6-254A-EA32-91975819A9F0</generatorID>
<ownerDesignName>Projekt</ownerDesignName>
<referredTableLongName>Medium</referredTableLongName>
<deleteRule>NO ACTION</deleteRule>
<referredTableID>16574DBA-2B6D-4F1D-CA96-63441E8640D2</referredTableID>
<keyObject>B6101242-A407-B8F6-8B47-233C22964AC9</keyObject>
<referredKeyID>B6101242-A407-B8F6-8B47-233C22964AC9</referredKeyID>
<mandatory>true</mandatory>
<refColNames>ID</refColNames>
<transferable>true</transferable>
<rely>false</rely>
<columnDependencyConstraintGenerateInDDL>true</columnDependencyConstraintGenerateInDDL>
</FKIndexAssociation>