<?xml version = '1.0' encoding = 'UTF-8'?>
<FKIndexAssociation class="oracle.dbtools.crest.model.design.relational.FKIndexAssociation" directorySegmentName="seg_0" id="C49512C6-7F27-7317-E168-B5D47EB64422" containerWithKeyObject="DC12256A-099E-B414-8E0B-3046CE1332C3" localFKIndex="D0490AC9-95ED-4F37-74C9-0BDE19B03330" name="Schauspieler_Filmstar_FK">
<createdBy>tommy</createdBy>
<createdTime>2021-01-17 12:54:50 UTC</createdTime>
<generatorID>419A5E76-E3CD-0515-4113-E85ABAE9F7EE</generatorID>
<ownerDesignName>Projekt</ownerDesignName>
<referredTableLongName>Filmstar</referredTableLongName>
<arc>AA86657E-B8CD-3724-58D3-FB518302E966</arc>
<deleteRule>NO ACTION</deleteRule>
<referredTableID>99275E14-99CE-40CA-E077-906AB927D9CA</referredTableID>
<keyObject>DF1B4F82-F014-9CF6-0BDD-83E0B823DD35</keyObject>
<referredKeyID>DF1B4F82-F014-9CF6-0BDD-83E0B823DD35</referredKeyID>
<mandatory>true</mandatory>
<refColNames>ID</refColNames>
<transferable>true</transferable>
<rely>false</rely>
<columnDependencyConstraintGenerateInDDL>true</columnDependencyConstraintGenerateInDDL>
</FKIndexAssociation>