<?xml version = '1.0' encoding = 'UTF-8'?>
<FKIndexAssociation class="oracle.dbtools.crest.model.design.relational.FKIndexAssociation" directorySegmentName="seg_0" id="CD4E6C6F-12CA-AE67-96AC-8F605A2FCEB0" containerWithKeyObject="8EBEA950-CACC-8986-87BC-BAF6F880A32B" localFKIndex="DEFA12D6-F2D2-D4C0-89B2-955AC1147643" name="Film_Details_IMDB_FK">
<createdBy>tommy</createdBy>
<createdTime>2021-01-17 12:54:50 UTC</createdTime>
<generatorID>0ACB97F0-860A-9D78-2A8E-334DD65B2CB9</generatorID>
<ownerDesignName>Projekt</ownerDesignName>
<referredTableLongName>IMDB</referredTableLongName>
<deleteRule>NO ACTION</deleteRule>
<referredTableID>A790D199-3987-429B-648F-7E8910BC1151</referredTableID>
<keyObject>3EC3CC38-5A7E-DF9C-23F5-BCEC4ACF0A70</keyObject>
<referredKeyID>3EC3CC38-5A7E-DF9C-23F5-BCEC4ACF0A70</referredKeyID>
<mandatory>true</mandatory>
<refColNames>ID</refColNames>
<transferable>true</transferable>
<rely>false</rely>
<columnDependencyConstraintGenerateInDDL>true</columnDependencyConstraintGenerateInDDL>
</FKIndexAssociation>