<?xml version = '1.0' encoding = 'UTF-8'?>
<FKIndexAssociation class="oracle.dbtools.crest.model.design.relational.FKIndexAssociation" directorySegmentName="seg_0" id="DD1391D5-398E-DD60-AA8C-5C07AB107A3B" containerWithKeyObject="8A3174FA-E8AB-B814-65E4-03A0A24C5FE4" localFKIndex="5D5D406C-5EF0-3CF9-7E72-1C3825ED7B3E" name="Medium_Eigenschaften_Film_Titel_FK">
<createdBy>tommy</createdBy>
<createdTime>2021-01-17 12:54:50 UTC</createdTime>
<generatorID>BB8C0F16-72CD-EE5A-AD6A-5E9938874BD0</generatorID>
<ownerDesignName>Projekt</ownerDesignName>
<referredTableLongName>Film_Titel</referredTableLongName>
<deleteRule>NO ACTION</deleteRule>
<referredTableID>B336232A-42DB-C8CF-6FBD-09D3B91C0BA8</referredTableID>
<keyObject>5AB05E08-0242-CA2D-BF24-7CF8E475C301</keyObject>
<referredKeyID>5AB05E08-0242-CA2D-BF24-7CF8E475C301</referredKeyID>
<mandatory>true</mandatory>
<refColNames>ID</refColNames>
<transferable>true</transferable>
<rely>false</rely>
<columnDependencyConstraintGenerateInDDL>true</columnDependencyConstraintGenerateInDDL>
</FKIndexAssociation>