<?xml version = '1.0' encoding = 'UTF-8'?>
<Entity class="oracle.dbtools.crest.model.design.logical.Entity" directorySegmentName="seg_0" id="07CE9EBD-55F1-B68E-58E0-2B04024ED89B" name="Person">
<createdBy>tommy</createdBy>
<createdTime>2021-01-17 12:08:59 UTC</createdTime>
<ownerDesignName>Serien</ownerDesignName>
<engineerTo>
<item key="35AB4B0B-898C-C36D-4B78-A3621E864C10" value="true"/>
</engineerTo>
<adequatelyNormalized>NO</adequatelyNormalized>
<expectedVolumes>0</expectedVolumes>
<fwdEngineeringStrategyName>Single Table</fwdEngineeringStrategyName>
<growthPercent>0</growthPercent>
<growthType>Year</growthType>
<maxVolumes>9999999</maxVolumes>
<minVolumes>0</minVolumes>
<normalForm>Third</normalForm>
<attributes itemClass="oracle.dbtools.crest.model.design.logical.Attribute">
<Attribute name="ID" id="669E564A-CF86-C9A5-15F0-6CDCEDCDF7CB">
<createdBy>tommy</createdBy>
<createdTime>2021-01-17 12:09:29 UTC</createdTime>
<ownerDesignName>Serien</ownerDesignName>
<engineerTo>
<item key="35AB4B0B-898C-C36D-4B78-A3621E864C10" value="true"/>
</engineerTo>
<useDomainConstraints>false</useDomainConstraints>
<use>1</use>
<logicalDatatype>LOGDT011</logicalDatatype>
<ownDataTypeParameters>,,</ownDataTypeParameters>
</Attribute>
<Attribute name="Vorname" id="45BFD4EC-6237-114A-7835-EC350C0D1977">
<createdBy>tommy</createdBy>
<createdTime>2021-01-17 12:09:39 UTC</createdTime>
<ownerDesignName>Serien</ownerDesignName>
<engineerTo>
<item key="35AB4B0B-898C-C36D-4B78-A3621E864C10" value="true"/>
</engineerTo>
<useDomainConstraints>false</useDomainConstraints>
<use>1</use>
<logicalDatatype>LOGDT024</logicalDatatype>
<dataTypeSize>255</dataTypeSize>
<ownDataTypeParameters>255,,</ownDataTypeParameters>
</Attribute>
<Attribute name="Nachname" id="31F6F7C6-4C47-6722-7437-572C40EDB590">
<createdBy>tommy</createdBy>
<createdTime>2021-01-17 12:09:48 UTC</createdTime>
<ownerDesignName>Serien</ownerDesignName>
<engineerTo>
<item key="35AB4B0B-898C-C36D-4B78-A3621E864C10" value="true"/>
</engineerTo>
<useDomainConstraints>false</useDomainConstraints>
<use>1</use>
<logicalDatatype>LOGDT024</logicalDatatype>
<dataTypeSize>255</dataTypeSize>
<ownDataTypeParameters>255,,</ownDataTypeParameters>
</Attribute>
</attributes>
<identifiers itemClass="oracle.dbtools.crest.model.design.logical.CandidateKey">
<identifier id="0C04252E-B43E-DEAD-88CB-FB8A218CDFB7" name="Freund PK">
<createdBy>tommy</createdBy>
<createdTime>2021-01-17 12:09:36 UTC</createdTime>
<ownerDesignName>Serien</ownerDesignName>
<shouldEngineer>false</shouldEngineer>
<engineerTo>
<item key="35AB4B0B-898C-C36D-4B78-A3621E864C10" value="false"/>
</engineerTo>
<pk>true</pk>
</identifier>
</identifiers>
</Entity>
