<?xml version = '1.0' encoding = 'UTF-8'?>
<Entity class="oracle.dbtools.crest.model.design.logical.Entity" directorySegmentName="seg_0" id="6150B5EE-B316-3F63-0A48-308706F52669" name="Details_Genre">
<createdBy>tommy</createdBy>
<createdTime>2021-01-20 15:14:13 UTC</createdTime>
<ownerDesignName>Serien</ownerDesignName>
<engineerTo>
<item key="35AB4B0B-898C-C36D-4B78-A3621E864C10" value="true"/>
</engineerTo>
<adequatelyNormalized>NO</adequatelyNormalized>
<expectedVolumes>0</expectedVolumes>
<fwdEngineeringStrategyName>Single Table</fwdEngineeringStrategyName>
<growthPercent>0</growthPercent>
<growthType>Year</growthType>
<maxVolumes>9999999</maxVolumes>
<minVolumes>0</minVolumes>
<normalForm>Third</normalForm>
<attributes itemClass="oracle.dbtools.crest.model.design.logical.Attribute">
<Attribute name="ID" id="6CFAF912-D801-667C-8C57-B0B17D4E605F">
<createdBy>tommy</createdBy>
<createdTime>2021-01-20 15:16:07 UTC</createdTime>
<generatorID>72787133-F303-6DCD-767E-FABF74FE631D</generatorID>
<ownerDesignName>Serien</ownerDesignName>
<engineerTo>
<item key="35AB4B0B-898C-C36D-4B78-A3621E864C10" value="true"/>
</engineerTo>
<referedAttribute>E366591A-8F2F-6B4F-346A-0918CEF99A00</referedAttribute>
<useDomainConstraints>false</useDomainConstraints>
<use>1</use>
<logicalDatatype>LOGDT011</logicalDatatype>
<ownDataTypeParameters>,,</ownDataTypeParameters>
</Attribute>
<Attribute name="ID_Serie" id="40E80E1E-C64C-7AD0-4D86-CF45BF0A9B88">
<createdBy>tommy</createdBy>
<createdTime>2021-01-20 15:16:37 UTC</createdTime>
<generatorID>F5E8C5F1-2429-9DCB-6E2C-9AAC57B40CCD</generatorID>
<ownerDesignName>Serien</ownerDesignName>
<engineerTo>
<item key="35AB4B0B-898C-C36D-4B78-A3621E864C10" value="true"/>
</engineerTo>
<referedAttribute>752B78F6-9D9C-ED4E-4A87-EB939F156940</referedAttribute>
<useDomainConstraints>false</useDomainConstraints>
<use>1</use>
<logicalDatatype>LOGDT011</logicalDatatype>
<ownDataTypeParameters>,,</ownDataTypeParameters>
</Attribute>
</attributes>
</Entity>
