<?xml version = '1.0' encoding = 'UTF-8'?>
<Entity class="oracle.dbtools.crest.model.design.logical.Entity" directorySegmentName="seg_0" id="B8BE667C-56B1-DC22-CB2C-47419CCF192D" name="Details_Serie">
<createdBy>Philipp</createdBy>
<createdTime>2021-01-20 16:39:26 UTC</createdTime>
<ownerDesignName>Serien</ownerDesignName>
<engineerTo>
<item key="35AB4B0B-898C-C36D-4B78-A3621E864C10" value="true"/>
</engineerTo>
<adequatelyNormalized>NO</adequatelyNormalized>
<expectedVolumes>0</expectedVolumes>
<fwdEngineeringStrategyName>Single Table</fwdEngineeringStrategyName>
<growthPercent>0</growthPercent>
<growthType>Year</growthType>
<maxVolumes>9999999</maxVolumes>
<minVolumes>0</minVolumes>
<normalForm>Third</normalForm>
<attributes itemClass="oracle.dbtools.crest.model.design.logical.Attribute">
<Attribute name="ID_Serie" id="921C7AA9-4527-F2BD-A6B9-91227BB52FD9">
<createdBy>Philipp</createdBy>
<createdTime>2021-01-20 16:44:08 UTC</createdTime>
<generatorID>FFBA09C2-AB4C-FB8B-B6C2-4539FF5E220B</generatorID>
<ownerDesignName>Serien</ownerDesignName>
<engineerTo>
<item key="35AB4B0B-898C-C36D-4B78-A3621E864C10" value="true"/>
</engineerTo>
<referedAttribute>752B78F6-9D9C-ED4E-4A87-EB939F156940</referedAttribute>
<useDomainConstraints>false</useDomainConstraints>
<use>1</use>
<logicalDatatype>LOGDT011</logicalDatatype>
<ownDataTypeParameters>,,</ownDataTypeParameters>
</Attribute>
<Attribute name="ID" id="ABE77706-ADD7-9387-AEDB-7F999B7AFD23">
<createdBy>Philipp</createdBy>
<createdTime>2021-01-21 11:48:53 UTC</createdTime>
<generatorID>1DA6E12D-B864-7F9F-BBA5-72FE190AF6D3</generatorID>
<ownerDesignName>Serien</ownerDesignName>
<engineerTo>
<item key="35AB4B0B-898C-C36D-4B78-A3621E864C10" value="true"/>
</engineerTo>
<referedAttribute>BD988173-FFDF-AA5B-D6E3-411F17BB8349</referedAttribute>
<useDomainConstraints>false</useDomainConstraints>
<use>1</use>
<logicalDatatype>LOGDT011</logicalDatatype>
<ownDataTypeParameters>,,</ownDataTypeParameters>
</Attribute>
<Attribute name="ID1" id="400650DB-5128-CF36-89DA-6B3AFD24F67A">
<createdBy>Philipp</createdBy>
<createdTime>2021-01-21 11:49:00 UTC</createdTime>
<generatorID>02302B85-09F8-01EA-D5B5-982F2A781900</generatorID>
<ownerDesignName>Serien</ownerDesignName>
<engineerTo>
<item key="35AB4B0B-898C-C36D-4B78-A3621E864C10" value="true"/>
</engineerTo>
<referedAttribute>4516E7EC-B3AD-D634-4000-711BCA2C3C13</referedAttribute>
<useDomainConstraints>false</useDomainConstraints>
<use>1</use>
<logicalDatatype>LOGDT011</logicalDatatype>
<ownDataTypeParameters>,,</ownDataTypeParameters>
</Attribute>
</attributes>
<identifiers itemClass="oracle.dbtools.crest.model.design.logical.CandidateKey">
<identifier id="F4EF82F3-AEDE-C963-201C-7B94FC2916DC" name="Details_Serie PK">
<createdBy>Philipp</createdBy>
<createdTime>2021-01-20 16:40:24 UTC</createdTime>
<ownerDesignName>Serien</ownerDesignName>
<shouldEngineer>false</shouldEngineer>
<engineerTo>
<item key="35AB4B0B-898C-C36D-4B78-A3621E864C10" value="false"/>
</engineerTo>
<pk>true</pk>
</identifier>
</identifiers>
</Entity>
