<?xml version = '1.0' encoding = 'UTF-8'?>
<Entity class="oracle.dbtools.crest.model.design.logical.Entity" directorySegmentName="seg_0" id="E178316E-FC38-8B91-28E9-2A5957B7B968" name="Serie">
<createdBy>tommy</createdBy>
<createdTime>2021-01-06 17:17:30 UTC</createdTime>
<ownerDesignName>Serien</ownerDesignName>
<engineerTo>
<item key="35AB4B0B-898C-C36D-4B78-A3621E864C10" value="true"/>
</engineerTo>
<adequatelyNormalized>NO</adequatelyNormalized>
<expectedVolumes>0</expectedVolumes>
<fwdEngineeringStrategyName>Single Table</fwdEngineeringStrategyName>
<growthPercent>0</growthPercent>
<growthType>Year</growthType>
<maxVolumes>9999999</maxVolumes>
<minVolumes>0</minVolumes>
<normalForm>Third</normalForm>
<attributes itemClass="oracle.dbtools.crest.model.design.logical.Attribute">
<Attribute name="ID_Serie" id="752B78F6-9D9C-ED4E-4A87-EB939F156940">
<createdBy>tommy</createdBy>
<createdTime>2021-01-17 12:57:58 UTC</createdTime>
<ownerDesignName>Serien</ownerDesignName>
<engineerTo>
<item key="35AB4B0B-898C-C36D-4B78-A3621E864C10" value="true"/>
</engineerTo>
<useDomainConstraints>false</useDomainConstraints>
<use>1</use>
<logicalDatatype>LOGDT011</logicalDatatype>
<ownDataTypeParameters>,,</ownDataTypeParameters>
</Attribute>
<Attribute name="ID3" id="0F2A8F71-91A8-6870-EDEF-C3EC0B3448A6">
<createdBy>tommy</createdBy>
<createdTime>2021-01-06 17:19:50 UTC</createdTime>
<generatorID>3ACD52B9-4A1A-7C08-FFEC-D8A934710566</generatorID>
<ownerDesignName>Serien</ownerDesignName>
<engineerTo>
<item key="35AB4B0B-898C-C36D-4B78-A3621E864C10" value="true"/>
</engineerTo>
<referedAttribute>86EFB1D8-3A04-65AA-1EE6-3930DE16B98D</referedAttribute>
<useDomainConstraints>false</useDomainConstraints>
<use>1</use>
<logicalDatatype>LOGDT011</logicalDatatype>
<ownDataTypeParameters>,,</ownDataTypeParameters>
</Attribute>
<Attribute name="ID4" id="15EF7367-30DB-C957-9A1D-2DD6E1FD3F8C">
<createdBy>tommy</createdBy>
<createdTime>2021-01-06 17:19:56 UTC</createdTime>
<generatorID>0ACB97F0-860A-9D78-2A8E-334DD65B2CB9</generatorID>
<ownerDesignName>Serien</ownerDesignName>
<engineerTo>
<item key="35AB4B0B-898C-C36D-4B78-A3621E864C10" value="true"/>
</engineerTo>
<referedAttribute>8AF69F61-19D0-AC00-BF94-C1CF74384225</referedAttribute>
<useDomainConstraints>false</useDomainConstraints>
<use>1</use>
<logicalDatatype>LOGDT011</logicalDatatype>
<ownDataTypeParameters>,,</ownDataTypeParameters>
</Attribute>
<Attribute name="Deutscher Titel" id="6E0C5BBD-D79C-E9BC-ADDD-9E2269A293D8">
<createdBy>tommy</createdBy>
<createdTime>2021-01-20 14:16:34 UTC</createdTime>
<ownerDesignName>Serien</ownerDesignName>
<engineerTo>
<item key="35AB4B0B-898C-C36D-4B78-A3621E864C10" value="true"/>
</engineerTo>
<useDomainConstraints>false</useDomainConstraints>
<use>1</use>
<logicalDatatype>LOGDT024</logicalDatatype>
<dataTypeSize>255</dataTypeSize>
<ownDataTypeParameters>255,,</ownDataTypeParameters>
</Attribute>
<Attribute name="Original Titel" id="EA6C2558-1472-C3DA-2C49-31AE9D6576E5">
<createdBy>tommy</createdBy>
<createdTime>2021-01-20 14:17:53 UTC</createdTime>
<ownerDesignName>Serien</ownerDesignName>
<engineerTo>
<item key="35AB4B0B-898C-C36D-4B78-A3621E864C10" value="true"/>
</engineerTo>
<nullsAllowed>true</nullsAllowed>
<useDomainConstraints>false</useDomainConstraints>
<use>1</use>
<logicalDatatype>LOGDT024</logicalDatatype>
<dataTypeSize>255</dataTypeSize>
<ownDataTypeParameters>255,,</ownDataTypeParameters>
</Attribute>
<Attribute name="ID" id="368DBFA9-63BC-9DC0-10FC-2ED08CF1BFF6">
<createdBy>Philipp</createdBy>
<createdTime>2021-01-20 16:11:39 UTC</createdTime>
<generatorID>C57F6DD3-0A03-B2B8-EE46-B224CC5D996A</generatorID>
<ownerDesignName>Serien</ownerDesignName>
<engineerTo>
<item key="35AB4B0B-898C-C36D-4B78-A3621E864C10" value="true"/>
</engineerTo>
<referedAttribute>3D2D241C-651C-0192-B9E5-74D0EF77CA6C</referedAttribute>
<useDomainConstraints>false</useDomainConstraints>
<use>1</use>
<logicalDatatype>LOGDT011</logicalDatatype>
<ownDataTypeParameters>,,</ownDataTypeParameters>
</Attribute>
</attributes>
<identifiers itemClass="oracle.dbtools.crest.model.design.logical.CandidateKey">
<identifier id="DFA209B3-30C4-2BDB-81ED-BC29A630E3C1" name="titel_details PK">
<createdBy>tommy</createdBy>
<createdTime>2021-01-17 11:24:34 UTC</createdTime>
<ownerDesignName>Serien</ownerDesignName>
<shouldEngineer>false</shouldEngineer>
<engineerTo>
<item key="35AB4B0B-898C-C36D-4B78-A3621E864C10" value="false"/>
</engineerTo>
<pk>true</pk>
<usedAttributes>
<attributeRef>752B78F6-9D9C-ED4E-4A87-EB939F156940</attributeRef>
</usedAttributes>
</identifier>
</identifiers>
</Entity>
