<?xml version = '1.0' encoding = 'UTF-8'?>
<Entity class="oracle.dbtools.crest.model.design.logical.Entity" directorySegmentName="seg_0" id="F456A3F5-411C-41DD-574B-98189C5E5B38" name="Episode">
<createdBy>Philipp</createdBy>
<createdTime>2021-01-21 11:47:48 UTC</createdTime>
<ownerDesignName>Serien</ownerDesignName>
<engineerTo>
<item key="35AB4B0B-898C-C36D-4B78-A3621E864C10" value="true"/>
</engineerTo>
<adequatelyNormalized>NO</adequatelyNormalized>
<expectedVolumes>0</expectedVolumes>
<fwdEngineeringStrategyName>Single Table</fwdEngineeringStrategyName>
<growthPercent>0</growthPercent>
<growthType>Year</growthType>
<maxVolumes>9999999</maxVolumes>
<minVolumes>0</minVolumes>
<normalForm>Third</normalForm>
<attributes itemClass="oracle.dbtools.crest.model.design.logical.Attribute">
<Attribute name="ID" id="4516E7EC-B3AD-D634-4000-711BCA2C3C13">
<createdBy>Philipp</createdBy>
<createdTime>2021-01-21 11:48:40 UTC</createdTime>
<ownerDesignName>Serien</ownerDesignName>
<engineerTo>
<item key="35AB4B0B-898C-C36D-4B78-A3621E864C10" value="true"/>
</engineerTo>
<useDomainConstraints>false</useDomainConstraints>
<use>1</use>
<logicalDatatype>LOGDT011</logicalDatatype>
<ownDataTypeParameters>,,</ownDataTypeParameters>
</Attribute>
</attributes>
<identifiers itemClass="oracle.dbtools.crest.model.design.logical.CandidateKey">
<identifier id="873C1A49-31CD-7726-8324-872C5149518D" name="Episode PK">
<createdBy>Philipp</createdBy>
<createdTime>2021-01-21 11:48:42 UTC</createdTime>
<ownerDesignName>Serien</ownerDesignName>
<engineerTo>
<item key="35AB4B0B-898C-C36D-4B78-A3621E864C10" value="true"/>
</engineerTo>
<pk>true</pk>
<usedAttributes>
<attributeRef>4516E7EC-B3AD-D634-4000-711BCA2C3C13</attributeRef>
</usedAttributes>
</identifier>
</identifiers>
</Entity>
