<?xml version = '1.0' encoding = 'UTF-8'?>
<Diagram class="oracle.dbtools.crest.swingui.logical.DPVLogical" name="Logical" id="7BDF3EAD-8A32-E929-2303-4AD564A443E3">
<createdBy>tommy</createdBy>
<modifiedBy>tommy</modifiedBy>
<createdTime>2021-01-06 15:18:48 UTC</createdTime>
<autoRoute>false</autoRoute>
<boxInbox>true</boxInbox>
<showLegend>false</showLegend>
<showLabels>false</showLabels>
<showRelAttributes>false</showRelAttributes>
<gridEnabled>false</gridEnabled>
<showGrid>false</showGrid>
<diagramColor>-1</diagramColor>
<display>false</display>
<notation>1</notation>
<objectViews>
<OView class="oracle.dbtools.crest.swingui.logical.TVEntity" oid="07CE9EBD-55F1-B68E-58E0-2B04024ED89B" otype="Entity" vid="D32205C4-4C6C-5DA6-B7DD-12D5D7748BD3">
<hideElementsInCurrentOnly>false</hideElementsInCurrentOnly>
<bounds x="309" y="678" width="138" height="100"/>
<useCustomFormat>true</useCustomFormat>
<useDefaultColor>false</useDefaultColor>
<backgroundColor>-5971457</backgroundColor>
<foregroundColor>-16777216</foregroundColor>
<fonts itemClass="oracle.dbtools.crest.model.design.FontObjectWr">
<FontObject>
<foType>Titel</foType>
<fontStyle>1</fontStyle>
<colorRGB>-16776961</colorRGB>
</FontObject>
<FontObject>
<foType>Attribut</foType>
<colorRGB>-16777216</colorRGB>
</FontObject>
<FontObject>
<foType>PK-Element</foType>
<colorRGB>-16776961</colorRGB>
</FontObject>
<FontObject>
<foType>Nicht null</foType>
<colorRGB>-65536</colorRGB>
</FontObject>
</fonts>
</OView>
<OView class="oracle.dbtools.crest.swingui.logical.TVEntity" oid="38CC9752-2609-0A33-87E7-39B6380124D3" otype="Entity" vid="7CDDA267-59A7-BBE0-95A4-AC95234C0A7E">
<hideElementsInCurrentOnly>false</hideElementsInCurrentOnly>
<bounds x="864" y="251" width="170" height="110"/>
<useCustomFormat>true</useCustomFormat>
<useDefaultColor>false</useDefaultColor>
<backgroundColor>-5971457</backgroundColor>
<foregroundColor>-16777216</foregroundColor>
<fonts itemClass="oracle.dbtools.crest.model.design.FontObjectWr">
<FontObject>
<foType>Titel</foType>
<fontStyle>1</fontStyle>
<colorRGB>-16776961</colorRGB>
</FontObject>
<FontObject>
<foType>Attribut</foType>
<colorRGB>-16777216</colorRGB>
</FontObject>
</fonts>
</OView>
<OView class="oracle.dbtools.crest.swingui.logical.TVEntity" oid="391329BA-CE2D-F9CC-1E23-518FB593FBC7" otype="Entity" vid="D3B689F9-C991-7AEA-8DB5-9846A7D3A8ED">
<hideElementsInCurrentOnly>false</hideElementsInCurrentOnly>
<bounds x="703" y="544" width="166" height="116"/>
<useCustomFormat>true</useCustomFormat>
<useDefaultColor>false</useDefaultColor>
<backgroundColor>-5971457</backgroundColor>
<foregroundColor>-16777216</foregroundColor>
<fonts itemClass="oracle.dbtools.crest.model.design.FontObjectWr">
<FontObject>
<foType>Titel</foType>
<fontStyle>1</fontStyle>
<colorRGB>-16776961</colorRGB>
</FontObject>
<FontObject>
<foType>Attribut</foType>
<colorRGB>-16777216</colorRGB>
</FontObject>
<FontObject>
<foType>PK-Element</foType>
<colorRGB>-16776961</colorRGB>
</FontObject>
<FontObject>
<foType>Nicht null</foType>
<colorRGB>-65536</colorRGB>
</FontObject>
</fonts>
</OView>
<OView class="oracle.dbtools.crest.swingui.logical.TVEntity" oid="6150B5EE-B316-3F63-0A48-308706F52669" otype="Entity" vid="F5B5C14D-25FE-6F7B-A08D-4EC2334228C0">
<hideElementsInCurrentOnly>false</hideElementsInCurrentOnly>
<bounds x="860" y="3" width="170" height="110"/>
<useCustomFormat>true</useCustomFormat>
<useDefaultColor>false</useDefaultColor>
<backgroundColor>-5971457</backgroundColor>
<foregroundColor>-16777216</foregroundColor>
<fonts itemClass="oracle.dbtools.crest.model.design.FontObjectWr">
<FontObject>
<foType>Titel</foType>
<fontStyle>1</fontStyle>
<colorRGB>-16776961</colorRGB>
</FontObject>
<FontObject>
<foType>Attribut</foType>
<colorRGB>-16777216</colorRGB>
</FontObject>
</fonts>
</OView>
<OView class="oracle.dbtools.crest.swingui.logical.TVEntity" oid="6236E12B-0185-B302-1ECD-4650BCF0EE5F" otype="Entity" vid="8F2F911D-914B-66CE-EB79-3E4F57B37F0A">
<hideElementsInCurrentOnly>false</hideElementsInCurrentOnly>
<bounds x="704" y="395" width="160" height="123"/>
<useCustomFormat>true</useCustomFormat>
<useDefaultColor>false</useDefaultColor>
<backgroundColor>-5971457</backgroundColor>
<foregroundColor>-16777216</foregroundColor>
<fonts itemClass="oracle.dbtools.crest.model.design.FontObjectWr">
<FontObject>
<foType>Titel</foType>
<fontStyle>1</fontStyle>
<colorRGB>-16776961</colorRGB>
</FontObject>
<FontObject>
<foType>Attribut</foType>
<colorRGB>-16777216</colorRGB>
</FontObject>
<FontObject>
<foType>PK-Element</foType>
<colorRGB>-16776961</colorRGB>
</FontObject>
<FontObject>
<foType>Nicht null</foType>
<colorRGB>-65536</colorRGB>
</FontObject>
</fonts>
</OView>
<OView class="oracle.dbtools.crest.swingui.logical.TVEntity" oid="724298F1-EE3E-E010-36B3-6FE4503EF29C" otype="Entity" vid="68A84436-B381-64F7-7B86-E379148E3B93">
<hideElementsInCurrentOnly>false</hideElementsInCurrentOnly>
<bounds x="291" y="463" width="170" height="110"/>
<useCustomFormat>true</useCustomFormat>
<useDefaultColor>false</useDefaultColor>
<backgroundColor>-5971457</backgroundColor>
<foregroundColor>-16777216</foregroundColor>
<fonts itemClass="oracle.dbtools.crest.model.design.FontObjectWr">
<FontObject>
<foType>Titel</foType>
<fontStyle>1</fontStyle>
<colorRGB>-16776961</colorRGB>
</FontObject>
<FontObject>
<foType>Attribut</foType>
<colorRGB>-16777216</colorRGB>
</FontObject>
<FontObject>
<foType>PK-Element</foType>
<colorRGB>-16776961</colorRGB>
</FontObject>
<FontObject>
<foType>Nicht null</foType>
<colorRGB>-65536</colorRGB>
</FontObject>
</fonts>
</OView>
<OView class="oracle.dbtools.crest.swingui.logical.TVEntity" oid="74C8C921-A466-4F80-0F5D-DB222D6B311D" otype="Entity" vid="66E63481-EC2E-3198-7403-908FD227EEE3">
<hideElementsInCurrentOnly>false</hideElementsInCurrentOnly>
<bounds x="5" y="408" width="259" height="376"/>
<useCustomFormat>true</useCustomFormat>
<useDefaultColor>false</useDefaultColor>
<backgroundColor>-5971457</backgroundColor>
<foregroundColor>-16777216</foregroundColor>
<fonts itemClass="oracle.dbtools.crest.model.design.FontObjectWr">
<FontObject>
<foType>Titel</foType>
<fontStyle>1</fontStyle>
<colorRGB>-16776961</colorRGB>
</FontObject>
<FontObject>
<foType>Attribut</foType>
<colorRGB>-16777216</colorRGB>
</FontObject>
<FontObject>
<foType>PK-Element</foType>
<colorRGB>-16776961</colorRGB>
</FontObject>
<FontObject>
<foType>Nicht null</foType>
<colorRGB>-65536</colorRGB>
</FontObject>
</fonts>
</OView>
<OView class="oracle.dbtools.crest.swingui.logical.TVEntity" oid="76076452-EE29-1793-441E-4F5F32B52F38" otype="Entity" vid="DFB20642-3C33-F24F-18AF-19FADA85B331">
<hideElementsInCurrentOnly>false</hideElementsInCurrentOnly>
<bounds x="704" y="687" width="166" height="120"/>
<useCustomFormat>true</useCustomFormat>
<useDefaultColor>false</useDefaultColor>
<backgroundColor>-5971457</backgroundColor>
<foregroundColor>-16777216</foregroundColor>
<fonts itemClass="oracle.dbtools.crest.model.design.FontObjectWr">
<FontObject>
<foType>Titel</foType>
<fontStyle>1</fontStyle>
<colorRGB>-16776961</colorRGB>
</FontObject>
<FontObject>
<foType>Attribut</foType>
<colorRGB>-16777216</colorRGB>
</FontObject>
<FontObject>
<foType>PK-Element</foType>
<colorRGB>-16776961</colorRGB>
</FontObject>
<FontObject>
<foType>Nicht null</foType>
<colorRGB>-65536</colorRGB>
</FontObject>
</fonts>
</OView>
<OView class="oracle.dbtools.crest.swingui.logical.TVEntity" oid="8B2D91CC-16D0-B321-880E-7983B9211BB8" otype="Entity" vid="9BDA46C8-A700-187D-C411-C713859FAA64">
<hideElementsInCurrentOnly>false</hideElementsInCurrentOnly>
<bounds x="1207" y="138" width="144" height="97"/>
<useCustomFormat>true</useCustomFormat>
<useDefaultColor>false</useDefaultColor>
<backgroundColor>-5971457</backgroundColor>
<foregroundColor>-16777216</foregroundColor>
<fonts itemClass="oracle.dbtools.crest.model.design.FontObjectWr">
<FontObject>
<foType>Titel</foType>
<fontStyle>1</fontStyle>
<colorRGB>-16776961</colorRGB>
</FontObject>
<FontObject>
<foType>Attribut</foType>
<colorRGB>-16777216</colorRGB>
</FontObject>
<FontObject>
<foType>PK-Element</foType>
<colorRGB>-16776961</colorRGB>
</FontObject>
<FontObject>
<foType>Nicht null</foType>
<colorRGB>-65536</colorRGB>
</FontObject>
</fonts>
</OView>
<OView class="oracle.dbtools.crest.swingui.logical.TVEntity" oid="8FA6C843-9554-65D2-FEFC-BF05CEF7095D" otype="Entity" vid="FE30FD97-0C91-C7A1-1905-DF63C494D415">
<hideElementsInCurrentOnly>false</hideElementsInCurrentOnly>
<bounds x="1206" y="7" width="141" height="100"/>
<useCustomFormat>true</useCustomFormat>
<useDefaultColor>false</useDefaultColor>
<backgroundColor>-5971457</backgroundColor>
<foregroundColor>-16777216</foregroundColor>
<fonts itemClass="oracle.dbtools.crest.model.design.FontObjectWr">
<FontObject>
<foType>Titel</foType>
<fontStyle>1</fontStyle>
<colorRGB>-16776961</colorRGB>
</FontObject>
<FontObject>
<foType>Attribut</foType>
<colorRGB>-16777216</colorRGB>
</FontObject>
<FontObject>
<foType>PK-Element</foType>
<colorRGB>-16776961</colorRGB>
</FontObject>
<FontObject>
<foType>Nicht null</foType>
<colorRGB>-65536</colorRGB>
</FontObject>
</fonts>
</OView>
<OView class="oracle.dbtools.crest.swingui.logical.TVEntity" oid="909C1188-5429-3BCC-E364-64F7531BDDDC" otype="Entity" vid="8DBF0819-B33E-200C-03B2-EA4D1D71F205">
<hideElementsInCurrentOnly>false</hideElementsInCurrentOnly>
<bounds x="62" y="695" width="128" height="65"/>
<useCustomFormat>true</useCustomFormat>
<useDefaultColor>false</useDefaultColor>
<backgroundColor>-5971457</backgroundColor>
<foregroundColor>-16777216</foregroundColor>
<fonts itemClass="oracle.dbtools.crest.model.design.FontObjectWr">
<FontObject>
<foType>Titel</foType>
<fontStyle>1</fontStyle>
<colorRGB>-16776961</colorRGB>
</FontObject>
<FontObject>
<foType>Attribut</foType>
<colorRGB>-16777216</colorRGB>
</FontObject>
<FontObject>
<foType>PK-Element</foType>
<colorRGB>-16776961</colorRGB>
</FontObject>
<FontObject>
<foType>Nicht null</foType>
<colorRGB>-65536</colorRGB>
</FontObject>
</fonts>
</OView>
<OView class="oracle.dbtools.crest.swingui.logical.TVEntity" oid="BFCD24FB-BDEA-4951-9B8D-392644F18AF8" otype="Entity" vid="DE1D7745-3B28-BAE0-28A2-4EAF025D9419">
<hideElementsInCurrentOnly>false</hideElementsInCurrentOnly>
<bounds x="862" y="126" width="170" height="110"/>
<useCustomFormat>true</useCustomFormat>
<useDefaultColor>false</useDefaultColor>
<backgroundColor>-5971457</backgroundColor>
<foregroundColor>-16777216</foregroundColor>
<fonts itemClass="oracle.dbtools.crest.model.design.FontObjectWr">
<FontObject>
<foType>Titel</foType>
<fontStyle>1</fontStyle>
<colorRGB>-16776961</colorRGB>
</FontObject>
<FontObject>
<foType>Attribut</foType>
<colorRGB>-16777216</colorRGB>
</FontObject>
</fonts>
</OView>
<OView class="oracle.dbtools.crest.swingui.logical.TVEntity" oid="C9CE2032-3AAC-8D78-A118-36E8196473FA" otype="Entity" vid="D2C7CA4A-F839-480D-D439-7A8BA3D63080">
<hideElementsInCurrentOnly>false</hideElementsInCurrentOnly>
<bounds x="61" y="623" width="126" height="62"/>
<useCustomFormat>true</useCustomFormat>
<useDefaultColor>false</useDefaultColor>
<backgroundColor>-5971457</backgroundColor>
<foregroundColor>-16777216</foregroundColor>
<fonts itemClass="oracle.dbtools.crest.model.design.FontObjectWr">
<FontObject>
<foType>Titel</foType>
<fontStyle>1</fontStyle>
<colorRGB>-16776961</colorRGB>
</FontObject>
<FontObject>
<foType>Attribut</foType>
<colorRGB>-16777216</colorRGB>
</FontObject>
<FontObject>
<foType>PK-Element</foType>
<colorRGB>-16776961</colorRGB>
</FontObject>
<FontObject>
<foType>Nicht null</foType>
<colorRGB>-65536</colorRGB>
</FontObject>
</fonts>
</OView>
<OView class="oracle.dbtools.crest.swingui.logical.TVEntity" oid="E178316E-FC38-8B91-28E9-2A5957B7B968" otype="Entity" vid="1AB58C91-45DF-5B97-723A-201D88287801">
<hideElementsInCurrentOnly>false</hideElementsInCurrentOnly>
<bounds x="20" y="4" width="518" height="276"/>
<useCustomFormat>true</useCustomFormat>
<useDefaultColor>false</useDefaultColor>
<backgroundColor>-5971457</backgroundColor>
<foregroundColor>-16777216</foregroundColor>
<fonts itemClass="oracle.dbtools.crest.model.design.FontObjectWr">
<FontObject>
<foType>Titel</foType>
<fontStyle>1</fontStyle>
<colorRGB>-16776961</colorRGB>
</FontObject>
<FontObject>
<foType>Attribut</foType>
<colorRGB>-16777216</colorRGB>
</FontObject>
<FontObject>
<foType>PK-Element</foType>
<colorRGB>-16776961</colorRGB>
</FontObject>
<FontObject>
<foType>Nicht null</foType>
<colorRGB>-65536</colorRGB>
</FontObject>
</fonts>
</OView>
<OView class="oracle.dbtools.crest.swingui.logical.TVEntity" oid="E52C4A1F-2BAE-006C-BB31-DB20E330DD98" otype="Entity" vid="5BD2DE38-5022-F90E-9063-AF673321D0FF">
<hideElementsInCurrentOnly>false</hideElementsInCurrentOnly>
<bounds x="60" y="542" width="125" height="69"/>
<useCustomFormat>true</useCustomFormat>
<useDefaultColor>false</useDefaultColor>
<backgroundColor>-5971457</backgroundColor>
<foregroundColor>-16777216</foregroundColor>
<fonts itemClass="oracle.dbtools.crest.model.design.FontObjectWr">
<FontObject>
<foType>Titel</foType>
<fontStyle>1</fontStyle>
<colorRGB>-16776961</colorRGB>
</FontObject>
<FontObject>
<foType>Attribut</foType>
<colorRGB>-16777216</colorRGB>
</FontObject>
<FontObject>
<foType>PK-Element</foType>
<colorRGB>-16776961</colorRGB>
</FontObject>
<FontObject>
<foType>Nicht null</foType>
<colorRGB>-65536</colorRGB>
</FontObject>
</fonts>
</OView>
<OView class="oracle.dbtools.crest.swingui.logical.TVEntity" oid="F46D1439-1AF4-56F2-2A23-7FFE10E8A52D" otype="Entity" vid="6ECE5EE6-7179-876E-2D34-5643B3E8AA03">
<hideElementsInCurrentOnly>false</hideElementsInCurrentOnly>
<bounds x="1208" y="265" width="146" height="99"/>
<useCustomFormat>true</useCustomFormat>
<useDefaultColor>false</useDefaultColor>
<backgroundColor>-5971457</backgroundColor>
<foregroundColor>-16777216</foregroundColor>
<fonts itemClass="oracle.dbtools.crest.model.design.FontObjectWr">
<FontObject>
<foType>Titel</foType>
<fontStyle>1</fontStyle>
<colorRGB>-16776961</colorRGB>
</FontObject>
<FontObject>
<foType>Attribut</foType>
<colorRGB>-16777216</colorRGB>
</FontObject>
<FontObject>
<foType>PK-Element</foType>
<colorRGB>-16776961</colorRGB>
</FontObject>
<FontObject>
<foType>Nicht null</foType>
<colorRGB>-65536</colorRGB>
</FontObject>
</fonts>
</OView>
</objectViews>
<connectors>
<Connector class="oracle.dbtools.crest.swingui.logical.TVRelation" oid="0ACB97F0-860A-9D78-2A8E-334DD65B2CB9" otype="Relation" vid_source="8F2F911D-914B-66CE-EB79-3E4F57B37F0A" vid_target="1AB58C91-45DF-5B97-723A-201D88287801">
<hideElementsInCurrentOnly>false</hideElementsInCurrentOnly>
<backgroundColor>-16777216</backgroundColor>
<lineWidth>1</lineWidth>
<points>
<point x="704" y="406"/>
<point x="500" y="280"/>
</points>
</Connector>
<Connector class="oracle.dbtools.crest.swingui.logical.TVInheritanceRelation" oid="18083737-1C60-30BD-339F-76E0F34E4CA9" otype="Hierarchy relation" vid_source="66E63481-EC2E-3198-7403-908FD227EEE3" vid_target="D2C7CA4A-F839-480D-D439-7A8BA3D63080">
<hideElementsInCurrentOnly>false</hideElementsInCurrentOnly>
<backgroundColor>-65536</backgroundColor>
<lineWidth>1</lineWidth>
</Connector>
<Connector class="oracle.dbtools.crest.swingui.logical.TVRelation" oid="3ACD52B9-4A1A-7C08-FFEC-D8A934710566" otype="Relation" vid_source="D3B689F9-C991-7AEA-8DB5-9846A7D3A8ED" vid_target="1AB58C91-45DF-5B97-723A-201D88287801">
<hideElementsInCurrentOnly>false</hideElementsInCurrentOnly>
<backgroundColor>-16777216</backgroundColor>
<lineWidth>1</lineWidth>
<points>
<point x="722" y="544"/>
<point x="431" y="280"/>
</points>
</Connector>
<Connector class="oracle.dbtools.crest.swingui.logical.TVInheritanceRelation" oid="419A5E76-E3CD-0515-4113-E85ABAE9F7EE" otype="Hierarchy relation" vid_source="66E63481-EC2E-3198-7403-908FD227EEE3" vid_target="5BD2DE38-5022-F90E-9063-AF673321D0FF">
<hideElementsInCurrentOnly>false</hideElementsInCurrentOnly>
<backgroundColor>-65536</backgroundColor>
<lineWidth>1</lineWidth>
</Connector>
<Connector class="oracle.dbtools.crest.swingui.logical.TVRelation" oid="501FC4DE-1E43-D684-7557-0B35C21466B3" otype="Relation" vid_source="D32205C4-4C6C-5DA6-B7DD-12D5D7748BD3" vid_target="68A84436-B381-64F7-7B86-E379148E3B93">
<hideElementsInCurrentOnly>false</hideElementsInCurrentOnly>
<backgroundColor>-16777216</backgroundColor>
<lineWidth>1</lineWidth>
<points>
<point x="378" y="678"/>
<point x="378" y="573"/>
</points>
</Connector>
<Connector class="oracle.dbtools.crest.swingui.logical.TVRelation" oid="6DA94059-113C-9183-418C-4C3458AAFD56" otype="Relation" vid_source="9BDA46C8-A700-187D-C411-C713859FAA64" vid_target="DE1D7745-3B28-BAE0-28A2-4EAF025D9419">
<hideElementsInCurrentOnly>false</hideElementsInCurrentOnly>
<backgroundColor>-16777216</backgroundColor>
<lineWidth>1</lineWidth>
<points>
<point x="1207" y="186"/>
<point x="1032" y="186"/>
</points>
</Connector>
<Connector class="oracle.dbtools.crest.swingui.logical.TVRelation" oid="72787133-F303-6DCD-767E-FABF74FE631D" otype="Relation" vid_source="FE30FD97-0C91-C7A1-1905-DF63C494D415" vid_target="F5B5C14D-25FE-6F7B-A08D-4EC2334228C0">
<hideElementsInCurrentOnly>false</hideElementsInCurrentOnly>
<backgroundColor>-16777216</backgroundColor>
<lineWidth>1</lineWidth>
<points>
<point x="1206" y="57"/>
<point x="1030" y="57"/>
</points>
</Connector>
<Connector class="oracle.dbtools.crest.swingui.logical.TVRelation" oid="769A5E82-ADFE-EE3B-AB40-B2DFE04F9511" otype="Relation" vid_source="1AB58C91-45DF-5B97-723A-201D88287801" vid_target="7CDDA267-59A7-BBE0-95A4-AC95234C0A7E">
<hideElementsInCurrentOnly>false</hideElementsInCurrentOnly>
<backgroundColor>-16777216</backgroundColor>
<lineWidth>1</lineWidth>
<points>
<point x="538" y="265"/>
<point x="864" y="265"/>
</points>
</Connector>
<Connector class="oracle.dbtools.crest.swingui.logical.TVRelation" oid="81313001-1CB6-4499-B24B-BDAA2117E64C" otype="Relation" vid_source="66E63481-EC2E-3198-7403-908FD227EEE3" vid_target="1AB58C91-45DF-5B97-723A-201D88287801">
<hideElementsInCurrentOnly>false</hideElementsInCurrentOnly>
<backgroundColor>-16777216</backgroundColor>
<lineWidth>1</lineWidth>
<points>
<point x="142" y="408"/>
<point x="142" y="280"/>
</points>
</Connector>
<Connector class="oracle.dbtools.crest.swingui.logical.TVRelation" oid="B36AC511-2253-DCB8-F199-35CDFD92BEB5" otype="Relation" vid_source="1AB58C91-45DF-5B97-723A-201D88287801" vid_target="DE1D7745-3B28-BAE0-28A2-4EAF025D9419">
<hideElementsInCurrentOnly>false</hideElementsInCurrentOnly>
<backgroundColor>-16777216</backgroundColor>
<lineWidth>1</lineWidth>
<points>
<point x="538" y="196"/>
<point x="862" y="196"/>
</points>
</Connector>
<Connector class="oracle.dbtools.crest.swingui.logical.TVRelation" oid="BFE1AA9C-9FBF-65CE-B3D1-091953AD4798" otype="Relation" vid_source="6ECE5EE6-7179-876E-2D34-5643B3E8AA03" vid_target="7CDDA267-59A7-BBE0-95A4-AC95234C0A7E">
<hideElementsInCurrentOnly>false</hideElementsInCurrentOnly>
<backgroundColor>-16777216</backgroundColor>
<lineWidth>1</lineWidth>
<points>
<point x="1208" y="313"/>
<point x="1034" y="313"/>
</points>
</Connector>
<Connector class="oracle.dbtools.crest.swingui.logical.TVRelation" oid="C57F6DD3-0A03-B2B8-EE46-B224CC5D996A" otype="Relation" vid_source="DFB20642-3C33-F24F-18AF-19FADA85B331" vid_target="1AB58C91-45DF-5B97-723A-201D88287801">
<hideElementsInCurrentOnly>false</hideElementsInCurrentOnly>
<backgroundColor>-16777216</backgroundColor>
<lineWidth>1</lineWidth>
<points>
<point x="736" y="687"/>
<point x="394" y="280"/>
</points>
</Connector>
<Connector class="oracle.dbtools.crest.swingui.logical.TVInheritanceRelation" oid="C6B35265-5282-63FE-F146-455065845BD9" otype="Hierarchy relation" vid_source="66E63481-EC2E-3198-7403-908FD227EEE3" vid_target="8DBF0819-B33E-200C-03B2-EA4D1D71F205">
<hideElementsInCurrentOnly>false</hideElementsInCurrentOnly>
<backgroundColor>-65536</backgroundColor>
<lineWidth>1</lineWidth>
</Connector>
<Connector class="oracle.dbtools.crest.swingui.logical.TVRelation" oid="C806ABB9-E018-3271-5D6D-D9A53F07B463" otype="Relation" vid_source="1AB58C91-45DF-5B97-723A-201D88287801" vid_target="68A84436-B381-64F7-7B86-E379148E3B93">
<hideElementsInCurrentOnly>false</hideElementsInCurrentOnly>
<backgroundColor>-16777216</backgroundColor>
<lineWidth>1</lineWidth>
<points>
<point x="376" y="280"/>
<point x="376" y="463"/>
</points>
</Connector>
<Connector class="oracle.dbtools.crest.swingui.logical.TVRelation" oid="F5E8C5F1-2429-9DCB-6E2C-9AAC57B40CCD" otype="Relation" vid_source="1AB58C91-45DF-5B97-723A-201D88287801" vid_target="F5B5C14D-25FE-6F7B-A08D-4EC2334228C0">
<hideElementsInCurrentOnly>false</hideElementsInCurrentOnly>
<backgroundColor>-16777216</backgroundColor>
<lineWidth>1</lineWidth>
<points>
<point x="538" y="58"/>
<point x="860" y="58"/>
</points>
</Connector>
</connectors>
</Diagram>
