<?xml version = '1.0' encoding = 'UTF-8'?>
<Table class="oracle.dbtools.crest.model.design.relational.Table" directorySegmentName="seg_0" id="8A3174FA-E8AB-B814-65E4-03A0A24C5FE4" name="Medium_Eigenschaften">
<createdBy>tommy</createdBy>
<createdTime>2021-01-17 12:54:50 UTC</createdTime>
<generatorID>EFD354AF-F08B-5422-DE08-82BDA8777177</generatorID>
<ownerDesignName>Projekt</ownerDesignName>
<allowColumnReorder>false</allowColumnReorder>
<existDependencyGenerateInDDl>true</existDependencyGenerateInDDl>
<parsed>true</parsed>
<columns itemClass="oracle.dbtools.crest.model.design.relational.Column">
<Column name="Film_Titel_ID" id="4C43297A-0CC2-1B54-5A5B-6424A386E1E9">
<createdBy>tommy</createdBy>
<createdTime>2021-01-17 12:54:50 UTC</createdTime>
<generatorID>36CFE100-D3C7-931B-1B8E-D83AF7F708FA</generatorID>
<ownerDesignName>Projekt</ownerDesignName>
<useDomainConstraints>false</useDomainConstraints>
<use>1</use>
<logicalDatatype>LOGDT011</logicalDatatype>
<ownDataTypeParameters>,,</ownDataTypeParameters>
<previousColumn>false</previousColumn>
<autoIncrementCycle>false</autoIncrementCycle>
<associations>
<colAssociation fkAssociation="DD1391D5-398E-DD60-AA8C-5C07AB107A3B" referredColumn="D7270306-51D0-75D1-C9BF-15B4D56AF8D8"/>
</associations>
</Column>
<Column name="Medium_ID" id="62504AAB-AC50-0270-FD0B-6F79F8627771">
<createdBy>tommy</createdBy>
<createdTime>2021-01-17 12:54:50 UTC</createdTime>
<generatorID>6077B890-0D25-0453-9BC0-AE2018F1C757</generatorID>
<ownerDesignName>Projekt</ownerDesignName>
<useDomainConstraints>false</useDomainConstraints>
<use>1</use>
<logicalDatatype>LOGDT011</logicalDatatype>
<ownDataTypeParameters>,,</ownDataTypeParameters>
<previousColumn>false</previousColumn>
<autoIncrementCycle>false</autoIncrementCycle>
<associations>
<colAssociation fkAssociation="564976FC-7B4A-D81A-9FC0-7EE03E0A1A0F" referredColumn="2FB58741-387A-6EA4-36DB-A1CCE765C4CA"/>
</associations>
</Column>
</columns>
<indexes itemClass="oracle.dbtools.crest.model.design.relational.Index">
<ind_PK_UK id="5D5D406C-5EF0-3CF9-7E72-1C3825ED7B3E" name="Medium_Eigenschaften_Film_Titel_FK">
<createdBy>tommy</createdBy>
<createdTime>2021-01-17 12:54:50 UTC</createdTime>
<generatorID>BB8C0F16-72CD-EE5A-AD6A-5E9938874BD0</generatorID>
<ownerDesignName>Projekt</ownerDesignName>
<indexState>Foreign Key</indexState>
<isSurrogateKey>false</isSurrogateKey>
<indexColumnUsage>
<colUsage columnID="4C43297A-0CC2-1B54-5A5B-6424A386E1E9"/>
</indexColumnUsage>
</ind_PK_UK>
<ind_PK_UK id="06BA3499-6695-455F-5DFC-EE80D0866DF0" name="Medium_Eigenschaften_Medium_FK">
<createdBy>tommy</createdBy>
<createdTime>2021-01-17 12:54:50 UTC</createdTime>
<generatorID>E2016BD1-0CE6-254A-EA32-91975819A9F0</generatorID>
<ownerDesignName>Projekt</ownerDesignName>
<indexState>Foreign Key</indexState>
<isSurrogateKey>false</isSurrogateKey>
<indexColumnUsage>
<colUsage columnID="62504AAB-AC50-0270-FD0B-6F79F8627771"/>
</indexColumnUsage>
</ind_PK_UK>
</indexes>
</Table>