<?xml version = '1.0' encoding = 'UTF-8'?>
<Table class="oracle.dbtools.crest.model.design.relational.Table" directorySegmentName="seg_0" id="B336232A-42DB-C8CF-6FBD-09D3B91C0BA8" name="Film_Titel">
<createdBy>tommy</createdBy>
<createdTime>2021-01-17 12:54:50 UTC</createdTime>
<generatorID>F2A2361D-2C17-CEC0-8CDD-58BA8BD85F50</generatorID>
<ownerDesignName>Projekt</ownerDesignName>
<allowColumnReorder>false</allowColumnReorder>
<existDependencyGenerateInDDl>true</existDependencyGenerateInDDl>
<parsed>true</parsed>
<columns itemClass="oracle.dbtools.crest.model.design.relational.Column">
<Column name="ID" id="D7270306-51D0-75D1-C9BF-15B4D56AF8D8">
<createdBy>tommy</createdBy>
<createdTime>2021-01-17 12:54:50 UTC</createdTime>
<generatorID>B27124CE-92EF-558A-2FD7-8B81987012A3</generatorID>
<ownerDesignName>Projekt</ownerDesignName>
<useDomainConstraints>false</useDomainConstraints>
<use>1</use>
<logicalDatatype>LOGDT011</logicalDatatype>
<ownDataTypeParameters>,,</ownDataTypeParameters>
<autoIncrementCycle>false</autoIncrementCycle>
</Column>
<Column name="Deutscher_Titel" id="EE5E96C4-C3D7-20DF-CBDE-E44EB373FE6F">
<createdBy>tommy</createdBy>
<createdTime>2021-01-17 12:54:50 UTC</createdTime>
<generatorID>8DFF1088-F769-B07C-1483-FAF8F23CF438</generatorID>
<ownerDesignName>Projekt</ownerDesignName>
<useDomainConstraints>false</useDomainConstraints>
<use>1</use>
<logicalDatatype>LOGDT024</logicalDatatype>
<dataTypeSize>255</dataTypeSize>
<ownDataTypeParameters>255,,</ownDataTypeParameters>
<autoIncrementCycle>false</autoIncrementCycle>
</Column>
<Column name="Original_Titel" id="30B13003-11FD-D3EC-053F-85A4C1C69960">
<createdBy>tommy</createdBy>
<createdTime>2021-01-17 12:54:50 UTC</createdTime>
<generatorID>D572D543-7E10-52D7-25A0-97789B7322B5</generatorID>
<ownerDesignName>Projekt</ownerDesignName>
<nullsAllowed>true</nullsAllowed>
<useDomainConstraints>false</useDomainConstraints>
<use>1</use>
<logicalDatatype>LOGDT024</logicalDatatype>
<dataTypeSize>255</dataTypeSize>
<ownDataTypeParameters>255,,</ownDataTypeParameters>
<autoIncrementCycle>false</autoIncrementCycle>
</Column>
</columns>
<indexes itemClass="oracle.dbtools.crest.model.design.relational.Index">
<ind_PK_UK id="5AB05E08-0242-CA2D-BF24-7CF8E475C301" name="Film_Titel_PK">
<createdBy>tommy</createdBy>
<createdTime>2021-01-17 12:54:50 UTC</createdTime>
<generatorID>3CC39751-DC02-0DE9-EA6C-832731D3DFD2</generatorID>
<ownerDesignName>Projekt</ownerDesignName>
<pk>true</pk>
<indexState>Primary Constraint</indexState>
<isSurrogateKey>false</isSurrogateKey>
<indexColumnUsage>
<colUsage columnID="D7270306-51D0-75D1-C9BF-15B4D56AF8D8"/>
</indexColumnUsage>
</ind_PK_UK>
</indexes>
</Table>