<?xml version = '1.0' encoding = 'UTF-8'?>
<Table class="oracle.dbtools.crest.model.design.relational.Table" directorySegmentName="seg_0" id="CB917C41-F76C-7977-9359-B2822E16CF63" name="Jahr">
<createdBy>tommy</createdBy>
<createdTime>2021-01-17 12:54:50 UTC</createdTime>
<generatorID>391329BA-CE2D-F9CC-1E23-518FB593FBC7</generatorID>
<ownerDesignName>Projekt</ownerDesignName>
<allowColumnReorder>false</allowColumnReorder>
<existDependencyGenerateInDDl>true</existDependencyGenerateInDDl>
<parsed>true</parsed>
<columns itemClass="oracle.dbtools.crest.model.design.relational.Column">
<Column name="ID" id="21978C97-2D45-50B1-1238-273144120018">
<createdBy>tommy</createdBy>
<createdTime>2021-01-17 12:54:50 UTC</createdTime>
<generatorID>86EFB1D8-3A04-65AA-1EE6-3930DE16B98D</generatorID>
<ownerDesignName>Projekt</ownerDesignName>
<useDomainConstraints>false</useDomainConstraints>
<use>1</use>
<logicalDatatype>LOGDT011</logicalDatatype>
<ownDataTypeParameters>,,</ownDataTypeParameters>
<autoIncrementCycle>false</autoIncrementCycle>
</Column>
<Column name="Erscheinung" id="120B3EB0-D4D7-A21B-471D-87D5797D26C5">
<createdBy>tommy</createdBy>
<createdTime>2021-01-17 12:54:50 UTC</createdTime>
<generatorID>2422ED20-3B14-22E3-B464-609D80B39854</generatorID>
<ownerDesignName>Projekt</ownerDesignName>
<useDomainConstraints>false</useDomainConstraints>
<use>1</use>
<logicalDatatype>LOGDT011</logicalDatatype>
<ownDataTypeParameters>,,</ownDataTypeParameters>
<autoIncrementCycle>false</autoIncrementCycle>
</Column>
</columns>
<indexes itemClass="oracle.dbtools.crest.model.design.relational.Index">
<ind_PK_UK id="CF8EE62E-292A-28CB-DF6D-CA2C1684CA6C" name="Jahr_PK">
<createdBy>tommy</createdBy>
<createdTime>2021-01-17 12:54:50 UTC</createdTime>
<generatorID>61F91DAB-4AAB-C2C7-4382-18F60153CEF7</generatorID>
<ownerDesignName>Projekt</ownerDesignName>
<pk>true</pk>
<indexState>Primary Constraint</indexState>
<isSurrogateKey>false</isSurrogateKey>
<indexColumnUsage>
<colUsage columnID="21978C97-2D45-50B1-1238-273144120018"/>
</indexColumnUsage>
</ind_PK_UK>
</indexes>
</Table>