<?xml version = '1.0' encoding = 'UTF-8'?>
<FKIndexAssociation class="oracle.dbtools.crest.model.design.relational.FKIndexAssociation" directorySegmentName="seg_0" id="22FB2848-9143-CC90-9A1B-CE08C603C2B5" containerWithKeyObject="8EBEA950-CACC-8986-87BC-BAF6F880A32B" localFKIndex="7B9F9C77-D35D-4D85-FFF4-C159A2EC87F6" name="Film_Details_Jahr_FK">
<createdBy>tommy</createdBy>
<createdTime>2021-01-17 12:54:50 UTC</createdTime>
<generatorID>3ACD52B9-4A1A-7C08-FFEC-D8A934710566</generatorID>
<ownerDesignName>Filme</ownerDesignName>
<referredTableLongName>Jahr</referredTableLongName>
<deleteRule>NO ACTION</deleteRule>
<referredTableID>CB917C41-F76C-7977-9359-B2822E16CF63</referredTableID>
<keyObject>CF8EE62E-292A-28CB-DF6D-CA2C1684CA6C</keyObject>
<referredKeyID>CF8EE62E-292A-28CB-DF6D-CA2C1684CA6C</referredKeyID>
<mandatory>true</mandatory>
<refColNames>ID</refColNames>
<transferable>true</transferable>
<rely>false</rely>
<columnDependencyConstraintGenerateInDDL>true</columnDependencyConstraintGenerateInDDL>
</FKIndexAssociation>
