<?xml version = '1.0' encoding = 'UTF-8'?>
<FKIndexAssociation class="oracle.dbtools.crest.model.design.relational.FKIndexAssociation" directorySegmentName="seg_0" id="466B1FF2-35B5-F224-F8C1-BFFE2AF06CA6" containerWithKeyObject="780C439B-BCEF-473A-208F-42F5B9B5F081" localFKIndex="A470E767-31DA-8B24-1C23-521C3FFBB02D" name="Relation_25_Film_FK">
<createdBy>tommy</createdBy>
<createdTime>2021-01-20 15:57:44 UTC</createdTime>
<generatorID>81313001-1CB6-4499-B24B-BDAA2117E64C</generatorID>
<ownerDesignName>Filme</ownerDesignName>
<referredTableLongName>Film</referredTableLongName>
<deleteRule>NO ACTION</deleteRule>
<referredTableID>8EBEA950-CACC-8986-87BC-BAF6F880A32B</referredTableID>
<keyObject>F7F69CAA-3E06-6D3E-A532-4469CCD35EB7</keyObject>
<referredKeyID>F7F69CAA-3E06-6D3E-A532-4469CCD35EB7</referredKeyID>
<mandatory>true</mandatory>
<refColNames>ID_Film</refColNames>
<transferable>true</transferable>
<rely>false</rely>
<columnDependencyConstraintGenerateInDDL>true</columnDependencyConstraintGenerateInDDL>
</FKIndexAssociation>
