<?xml version = '1.0' encoding = 'UTF-8'?>
<Relation class="oracle.dbtools.crest.model.design.logical.Relation" name="Relation_13" directorySegmentName="seg_0" id="0ACB97F0-860A-9D78-2A8E-334DD65B2CB9">
<createdBy>tommy</createdBy>
<createdTime>2021-01-06 17:19:56 UTC</createdTime>
<ownerDesignName>Serien</ownerDesignName>
<engineerTo>
<item key="35AB4B0B-898C-C36D-4B78-A3621E864C10" value="true"/>
</engineerTo>
<sourcePk>6964ED86-C566-8873-72B7-7FF397C6BDCF</sourcePk>
<identifying>false</identifying>
<optionalSource>true</optionalSource>
<optionalTarget>false</optionalTarget>
<sourceCardinality>1</sourceCardinality>
<sourceEntity>6236E12B-0185-B302-1ECD-4650BCF0EE5F</sourceEntity>
<targetCardinalityString>*</targetCardinalityString>
<targetEntity>E178316E-FC38-8B91-28E9-2A5957B7B968</targetEntity>
<transferable>true</transferable>
<deleteRule>NO ACTION</deleteRule>
</Relation>
