<?xml version = '1.0' encoding = 'UTF-8'?>
<Relation class="oracle.dbtools.crest.model.design.logical.Relation" name="Relation_16" directorySegmentName="seg_0" id="1BCC1132-DFBC-A3EE-8660-47E8EAF65A6C">
<createdBy>Philipp</createdBy>
<createdTime>2021-01-20 16:42:55 UTC</createdTime>
<ownerDesignName>Serien</ownerDesignName>
<engineerTo>
<item key="35AB4B0B-898C-C36D-4B78-A3621E864C10" value="true"/>
</engineerTo>
<identifying>false</identifying>
<optionalSource>true</optionalSource>
<optionalTarget>false</optionalTarget>
<sourceCardinality>1</sourceCardinality>
<sourceEntity>100649A4-4833-B62F-9646-0DE69EA7E553</sourceEntity>
<targetCardinalityString>*</targetCardinalityString>
<targetEntity>B8BE667C-56B1-DC22-CB2C-47419CCF192D</targetEntity>
<transferable>true</transferable>
<deleteRule>NO ACTION</deleteRule>
</Relation>
