<?xml version = '1.0' encoding = 'UTF-8'?>
<Relation class="oracle.dbtools.crest.model.design.logical.Relation" name="Relation_32" directorySegmentName="seg_0" id="36323DF2-B97E-2888-54D0-285A948F692D">
<createdBy>Philipp</createdBy>
<createdTime>2021-01-21 13:35:05 UTC</createdTime>
<ownerDesignName>Serien</ownerDesignName>
<engineerTo>
<item key="35AB4B0B-898C-C36D-4B78-A3621E864C10" value="true"/>
</engineerTo>
<sourcePk>91D84191-2525-34CE-692F-48EE02DB7C99</sourcePk>
<identifying>false</identifying>
<optionalSource>true</optionalSource>
<optionalTarget>false</optionalTarget>
<sourceCardinality>1</sourceCardinality>
<sourceEntity>5E5B93BC-026D-85D1-B3DE-E5DD8275C332</sourceEntity>
<targetCardinalityString>*</targetCardinalityString>
<targetEntity>F456A3F5-411C-41DD-574B-98189C5E5B38</targetEntity>
<transferable>true</transferable>
<deleteRule>NO ACTION</deleteRule>
</Relation>
