<?xml version = '1.0' encoding = 'UTF-8'?>
<Relation class="oracle.dbtools.crest.model.design.logical.Relation" name="Relation_23" directorySegmentName="seg_0" id="4189C972-6A08-DCF3-6BB0-ADAFB6633C51">
<createdBy>Philipp</createdBy>
<createdTime>2021-01-21 13:33:46 UTC</createdTime>
<ownerDesignName>Serien</ownerDesignName>
<engineerTo>
<item key="35AB4B0B-898C-C36D-4B78-A3621E864C10" value="true"/>
</engineerTo>
<identifying>false</identifying>
<optionalSource>true</optionalSource>
<optionalTarget>false</optionalTarget>
<sourceCardinality>*</sourceCardinality>
<sourceEntity>8FA6C843-9554-65D2-FEFC-BF05CEF7095D</sourceEntity>
<targetCardinalityString>*</targetCardinalityString>
<targetEntity>E178316E-FC38-8B91-28E9-2A5957B7B968</targetEntity>
<transferable>true</transferable>
<deleteRule>NO ACTION</deleteRule>
</Relation>
