<?xml version = '1.0' encoding = 'UTF-8'?>
<Relation class="oracle.dbtools.crest.model.design.logical.Relation" name="Relation_31" directorySegmentName="seg_0" id="6DA94059-113C-9183-418C-4C3458AAFD56">
<createdBy>tommy</createdBy>
<createdTime>2021-01-20 15:42:55 UTC</createdTime>
<ownerDesignName>Serien</ownerDesignName>
<engineerTo>
<item key="35AB4B0B-898C-C36D-4B78-A3621E864C10" value="true"/>
</engineerTo>
<sourcePk>48AC155A-0EC4-F903-D435-DA2922634109</sourcePk>
<identifying>false</identifying>
<optionalSource>true</optionalSource>
<optionalTarget>false</optionalTarget>
<sourceCardinality>1</sourceCardinality>
<sourceEntity>8B2D91CC-16D0-B321-880E-7983B9211BB8</sourceEntity>
<targetCardinalityString>*</targetCardinalityString>
<targetEntity>BFCD24FB-BDEA-4951-9B8D-392644F18AF8</targetEntity>
<transferable>true</transferable>
<deleteRule>NO ACTION</deleteRule>
</Relation>
