<?xml version = '1.0' encoding = 'UTF-8'?>
<Relation class="oracle.dbtools.crest.model.design.logical.Relation" name="Relation_21" directorySegmentName="seg_0" id="C806ABB9-E018-3271-5D6D-D9A53F07B463">
<createdBy>tommy</createdBy>
<createdTime>2021-01-20 14:47:22 UTC</createdTime>
<ownerDesignName>Serien</ownerDesignName>
<engineerTo>
<item key="35AB4B0B-898C-C36D-4B78-A3621E864C10" value="true"/>
</engineerTo>
<sourcePk>DFA209B3-30C4-2BDB-81ED-BC29A630E3C1</sourcePk>
<identifying>true</identifying>
<optionalSource>true</optionalSource>
<optionalTarget>false</optionalTarget>
<sourceCardinality>1</sourceCardinality>
<sourceEntity>E178316E-FC38-8B91-28E9-2A5957B7B968</sourceEntity>
<targetCardinalityString>*</targetCardinalityString>
<targetEntity>724298F1-EE3E-E010-36B3-6FE4503EF29C</targetEntity>
<transferable>true</transferable>
<deleteRule>NO ACTION</deleteRule>
</Relation>
