<?xml version = '1.0' encoding = 'UTF-8'?>
<Relation class="oracle.dbtools.crest.model.design.logical.Relation" name="Relation_24" directorySegmentName="seg_0" id="E76F85CB-1547-D62B-489D-5E293B232779">
<createdBy>Philipp</createdBy>
<createdTime>2021-01-21 13:33:51 UTC</createdTime>
<ownerDesignName>Serien</ownerDesignName>
<engineerTo>
<item key="35AB4B0B-898C-C36D-4B78-A3621E864C10" value="true"/>
</engineerTo>
<identifying>false</identifying>
<optionalSource>true</optionalSource>
<optionalTarget>false</optionalTarget>
<sourceCardinality>*</sourceCardinality>
<sourceEntity>8B2D91CC-16D0-B321-880E-7983B9211BB8</sourceEntity>
<targetCardinalityString>*</targetCardinalityString>
<targetEntity>E178316E-FC38-8B91-28E9-2A5957B7B968</targetEntity>
<transferable>true</transferable>
<deleteRule>NO ACTION</deleteRule>
</Relation>
