<?xml version = '1.0' encoding = 'UTF-8'?>
<Relation class="oracle.dbtools.crest.model.design.logical.InheritanceRelation" name="Hierarchy_1" directorySegmentName="seg_0" id="419A5E76-E3CD-0515-4113-E85ABAE9F7EE">
<createdBy>tommy</createdBy>
<createdTime>2021-01-07 14:40:31 UTC</createdTime>
<ownerDesignName>Projekt</ownerDesignName>
<engineerTo>
<item key="35AB4B0B-898C-C36D-4B78-A3621E864C10" value="true"/>
</engineerTo>
<identifying>false</identifying>
<nameOnSource>Super Type</nameOnSource>
<nameOnTarget>Sub Type</nameOnTarget>
<optionalSource>true</optionalSource>
<optionalTarget>true</optionalTarget>
<sourceEntity>74C8C921-A466-4F80-0F5D-DB222D6B311D</sourceEntity>
<targetEntity>E52C4A1F-2BAE-006C-BB31-DB20E330DD98</targetEntity>
<transferable>true</transferable>
<deleteRule>NO ACTION</deleteRule>
</Relation>