<?xml version = '1.0' encoding = 'UTF-8'?>
<Relation class="oracle.dbtools.crest.model.design.logical.Relation" name="Relation_29" directorySegmentName="seg_0" id="B36AC511-2253-DCB8-F199-35CDFD92BEB5">
<createdBy>tommy</createdBy>
<createdTime>2021-01-20 15:40:48 UTC</createdTime>
<ownerDesignName>Filme</ownerDesignName>
<engineerTo>
<item key="35AB4B0B-898C-C36D-4B78-A3621E864C10" value="true"/>
</engineerTo>
<sourcePk>DFA209B3-30C4-2BDB-81ED-BC29A630E3C1</sourcePk>
<identifying>false</identifying>
<optionalSource>true</optionalSource>
<optionalTarget>false</optionalTarget>
<sourceCardinality>1</sourceCardinality>
<sourceEntity>E178316E-FC38-8B91-28E9-2A5957B7B968</sourceEntity>
<targetCardinalityString>*</targetCardinalityString>
<targetEntity>BFCD24FB-BDEA-4951-9B8D-392644F18AF8</targetEntity>
<transferable>true</transferable>
<deleteRule>NO ACTION</deleteRule>
</Relation>
