<?xml version = '1.0' encoding = 'UTF-8'?>
<Relation class="oracle.dbtools.crest.model.design.logical.Relation" name="Relation_28" directorySegmentName="seg_0" id="F5E8C5F1-2429-9DCB-6E2C-9AAC57B40CCD">
<createdBy>tommy</createdBy>
<createdTime>2021-01-20 15:16:37 UTC</createdTime>
<ownerDesignName>Filme</ownerDesignName>
<engineerTo>
<item key="35AB4B0B-898C-C36D-4B78-A3621E864C10" value="true"/>
</engineerTo>
<sourcePk>DFA209B3-30C4-2BDB-81ED-BC29A630E3C1</sourcePk>
<identifying>false</identifying>
<optionalSource>true</optionalSource>
<optionalTarget>false</optionalTarget>
<sourceCardinality>1</sourceCardinality>
<sourceEntity>E178316E-FC38-8B91-28E9-2A5957B7B968</sourceEntity>
<targetCardinalityString>*</targetCardinalityString>
<targetEntity>6150B5EE-B316-3F63-0A48-308706F52669</targetEntity>
<transferable>true</transferable>
<deleteRule>NO ACTION</deleteRule>
</Relation>
