<?xml version = '1.0' encoding = 'UTF-8'?>
<InheritanceRelation class="oracle.dbtools.crest.model.design.logical.InheritanceRelation" name="Hierarchy_3" directorySegmentName="seg_0" id="C6B35265-5282-63FE-F146-455065845BD9">
<createdBy>tommy</createdBy>
<createdTime>2021-01-07 14:40:46 UTC</createdTime>
<ownerDesignName>Projekt</ownerDesignName>
<engineerTo>
<item key="35AB4B0B-898C-C36D-4B78-A3621E864C10" value="true"/>
</engineerTo>
<identifying>false</identifying>
<nameOnSource>Super Type</nameOnSource>
<nameOnTarget>Sub Type</nameOnTarget>
<optionalSource>true</optionalSource>
<optionalTarget>true</optionalTarget>
<sourceEntity>74C8C921-A466-4F80-0F5D-DB222D6B311D</sourceEntity>
<targetEntity>909C1188-5429-3BCC-E364-64F7531BDDDC</targetEntity>
<transferable>true</transferable>
<deleteRule>NO ACTION</deleteRule>
</InheritanceRelation>
