<?xml version = '1.0' encoding = 'UTF-8'?>
<FKIndexAssociation class="oracle.dbtools.crest.model.design.relational.FKIndexAssociation" directorySegmentName="seg_0" id="0304535B-85CF-E22E-004A-C0C128FC857A" containerWithKeyObject="09AD42D2-F57A-1924-5369-9783ACC29DDD" localFKIndex="E2AB8721-EEE7-F9A0-4480-44457CF430EA" name="Relation_24_Sprache_FK">
<createdBy>Philipp</createdBy>
<createdTime>2021-01-21 13:37:14 UTC</createdTime>
<generatorID>E76F85CB-1547-D62B-489D-5E293B232779</generatorID>
<ownerDesignName>Serien</ownerDesignName>
<referredTableLongName>Sprache</referredTableLongName>
<deleteRule>NO ACTION</deleteRule>
<referredTableID>A275F979-44B4-AFDE-DE62-D08318A840FE</referredTableID>
<keyObject>0C7A3BAB-D857-05B4-9062-A3FCA5E22070</keyObject>
<referredKeyID>0C7A3BAB-D857-05B4-9062-A3FCA5E22070</referredKeyID>
<mandatory>true</mandatory>
<refColNames>ID</refColNames>
<transferable>true</transferable>
<rely>false</rely>
<columnDependencyConstraintGenerateInDDL>true</columnDependencyConstraintGenerateInDDL>
</FKIndexAssociation>
