<?xml version = '1.0' encoding = 'UTF-8'?>
<FKIndexAssociation class="oracle.dbtools.crest.model.design.relational.FKIndexAssociation" directorySegmentName="seg_0" id="46092490-D79C-C92F-3C10-E893DE81AE89" containerWithKeyObject="45AC46D6-0F8F-D8FA-773C-B28369F0C7BC" localFKIndex="1305099B-3F27-E87A-8984-77C0014B298E" name="Relation_23_Genre_FK">
<createdBy>Philipp</createdBy>
<createdTime>2021-01-21 13:37:14 UTC</createdTime>
<generatorID>4189C972-6A08-DCF3-6BB0-ADAFB6633C51</generatorID>
<ownerDesignName>Serien</ownerDesignName>
<referredTableLongName>Genre</referredTableLongName>
<deleteRule>NO ACTION</deleteRule>
<referredTableID>6F95B6A3-E60B-54CB-AEE4-05EB67A737D4</referredTableID>
<keyObject>0B77151F-9567-1611-FF25-64734F008F78</keyObject>
<referredKeyID>0B77151F-9567-1611-FF25-64734F008F78</referredKeyID>
<mandatory>true</mandatory>
<refColNames>ID</refColNames>
<transferable>true</transferable>
<rely>false</rely>
<columnDependencyConstraintGenerateInDDL>true</columnDependencyConstraintGenerateInDDL>
</FKIndexAssociation>
