<?xml version = '1.0' encoding = 'UTF-8'?>
<FKIndexAssociation class="oracle.dbtools.crest.model.design.relational.FKIndexAssociation" directorySegmentName="seg_0" id="4D7108DE-8A90-11E6-D46D-32A06CB52729" containerWithKeyObject="81868656-2446-59ED-D339-B8D8D2C0B422" localFKIndex="9C190F6C-D483-90F9-8C4D-315E9F6798C3" name="Details_Serie_Staffel_FK">
<createdBy>Philipp</createdBy>
<createdTime>2021-01-20 16:46:06 UTC</createdTime>
<generatorID>1BCC1132-DFBC-A3EE-8660-47E8EAF65A6C</generatorID>
<ownerDesignName>Serien</ownerDesignName>
<referredTableLongName>Staffel</referredTableLongName>
<deleteRule>NO ACTION</deleteRule>
<referredTableID>17935B65-D08E-3E9C-9D9E-6083C04F9A7A</referredTableID>
<keyObject>0421BF62-FE8C-204A-E444-146B5EA4870A</keyObject>
<referredKeyID>0421BF62-FE8C-204A-E444-146B5EA4870A</referredKeyID>
<mandatory>true</mandatory>
<refColNames>Staffel_ID</refColNames>
<transferable>true</transferable>
<rely>false</rely>
<columnDependencyConstraintGenerateInDDL>true</columnDependencyConstraintGenerateInDDL>
</FKIndexAssociation>
