<?xml version = '1.0' encoding = 'UTF-8'?>
<FKIndexAssociation class="oracle.dbtools.crest.model.design.relational.FKIndexAssociation" directorySegmentName="seg_0" id="69FDAD30-03A6-BE12-216F-0C2D12803C67" containerWithKeyObject="3E77A5BE-3220-FD84-0061-68CE272E1E51" localFKIndex="C2F7DA5D-09E5-2386-C9B2-A792E8C252FE" name="Episode_Staffel_FK">
<createdBy>Philipp</createdBy>
<createdTime>2021-01-21 13:36:48 UTC</createdTime>
<generatorID>36323DF2-B97E-2888-54D0-285A948F692D</generatorID>
<ownerDesignName>Serien</ownerDesignName>
<referredTableLongName>Staffel</referredTableLongName>
<deleteRule>NO ACTION</deleteRule>
<referredTableID>2F0BC1DA-F542-0A85-D8D7-82E4D959B644</referredTableID>
<keyObject>F43BEA73-D29F-DE02-6173-9B5F515D37E9</keyObject>
<referredKeyID>F43BEA73-D29F-DE02-6173-9B5F515D37E9</referredKeyID>
<mandatory>true</mandatory>
<refColNames>ID</refColNames>
<transferable>true</transferable>
<rely>false</rely>
<columnDependencyConstraintGenerateInDDL>true</columnDependencyConstraintGenerateInDDL>
</FKIndexAssociation>
