<?xml version = '1.0' encoding = 'UTF-8'?>
<FKIndexAssociation class="oracle.dbtools.crest.model.design.relational.FKIndexAssociation" directorySegmentName="seg_0" id="A77A11BA-6488-AACB-A5F0-2FBFBA78AE43" containerWithKeyObject="09AD42D2-F57A-1924-5369-9783ACC29DDD" localFKIndex="BBB53EA7-704A-1EFC-4CD0-53DC955D11B0" name="Relation_24_Serie_FK">
<createdBy>Philipp</createdBy>
<createdTime>2021-01-21 13:37:14 UTC</createdTime>
<generatorID>E76F85CB-1547-D62B-489D-5E293B232779</generatorID>
<ownerDesignName>Serien</ownerDesignName>
<referredTableLongName>Serie</referredTableLongName>
<deleteRule>NO ACTION</deleteRule>
<referredTableID>8EBEA950-CACC-8986-87BC-BAF6F880A32B</referredTableID>
<keyObject>F7F69CAA-3E06-6D3E-A532-4469CCD35EB7</keyObject>
<referredKeyID>F7F69CAA-3E06-6D3E-A532-4469CCD35EB7</referredKeyID>
<mandatory>true</mandatory>
<refColNames>ID_Serie</refColNames>
<transferable>true</transferable>
<rely>false</rely>
<columnDependencyConstraintGenerateInDDL>true</columnDependencyConstraintGenerateInDDL>
</FKIndexAssociation>
