<?xml version = '1.0' encoding = 'UTF-8'?>
<FKIndexAssociation class="oracle.dbtools.crest.model.design.relational.FKIndexAssociation" directorySegmentName="seg_0" id="BC6323C6-999C-78A5-D9AA-DC4320701533" containerWithKeyObject="5ADA4C0C-514B-7A73-1755-9971E53C797F" localFKIndex="D18D253A-47D2-4B13-BD0B-53E0E6603576" name="Relation_27_Medium_FK">
<createdBy>Philipp</createdBy>
<createdTime>2021-01-21 13:37:14 UTC</createdTime>
<generatorID>96863196-6858-7975-EE64-FFB3277B2DBC</generatorID>
<ownerDesignName>Serien</ownerDesignName>
<referredTableLongName>Medium</referredTableLongName>
<deleteRule>NO ACTION</deleteRule>
<referredTableID>16574DBA-2B6D-4F1D-CA96-63441E8640D2</referredTableID>
<keyObject>B6101242-A407-B8F6-8B47-233C22964AC9</keyObject>
<referredKeyID>B6101242-A407-B8F6-8B47-233C22964AC9</referredKeyID>
<mandatory>true</mandatory>
<refColNames>ID</refColNames>
<transferable>true</transferable>
<rely>false</rely>
<columnDependencyConstraintGenerateInDDL>true</columnDependencyConstraintGenerateInDDL>
</FKIndexAssociation>
