<?xml version = '1.0' encoding = 'UTF-8'?>
<FKIndexAssociation class="oracle.dbtools.crest.model.design.relational.FKIndexAssociation" directorySegmentName="seg_0" id="D86D6E65-094C-A054-E270-DC7DF4E02F36" containerWithKeyObject="3E77A5BE-3220-FD84-0061-68CE272E1E51" localFKIndex="DE150DA5-DAC7-EB9B-BE55-6E217CC72D1B" name="Episode_Serie_FK">
<createdBy>Philipp</createdBy>
<createdTime>2021-01-21 13:36:48 UTC</createdTime>
<generatorID>01F47715-7ED4-FA17-AB36-727A88377113</generatorID>
<ownerDesignName>Serien</ownerDesignName>
<referredTableLongName>Serie</referredTableLongName>
<deleteRule>NO ACTION</deleteRule>
<referredTableID>8EBEA950-CACC-8986-87BC-BAF6F880A32B</referredTableID>
<keyObject>F7F69CAA-3E06-6D3E-A532-4469CCD35EB7</keyObject>
<referredKeyID>F7F69CAA-3E06-6D3E-A532-4469CCD35EB7</referredKeyID>
<mandatory>true</mandatory>
<refColNames>ID_Serie</refColNames>
<transferable>true</transferable>
<rely>false</rely>
<columnDependencyConstraintGenerateInDDL>true</columnDependencyConstraintGenerateInDDL>
</FKIndexAssociation>
