<?xml version = '1.0' encoding = 'UTF-8'?>
<FKIndexAssociation class="oracle.dbtools.crest.model.design.relational.FKIndexAssociation" directorySegmentName="seg_0" id="DFA1BFDC-C9C3-797E-06DC-A2AC9B62E007" containerWithKeyObject="5ADA4C0C-514B-7A73-1755-9971E53C797F" localFKIndex="DF60CDD0-84FA-31AA-EFC7-D31138E3DBA7" name="Relation_27_Serie_FK">
<createdBy>Philipp</createdBy>
<createdTime>2021-01-21 13:37:15 UTC</createdTime>
<generatorID>96863196-6858-7975-EE64-FFB3277B2DBC</generatorID>
<ownerDesignName>Serien</ownerDesignName>
<referredTableLongName>Serie</referredTableLongName>
<deleteRule>NO ACTION</deleteRule>
<referredTableID>8EBEA950-CACC-8986-87BC-BAF6F880A32B</referredTableID>
<keyObject>F7F69CAA-3E06-6D3E-A532-4469CCD35EB7</keyObject>
<referredKeyID>F7F69CAA-3E06-6D3E-A532-4469CCD35EB7</referredKeyID>
<mandatory>true</mandatory>
<refColNames>ID_Serie</refColNames>
<transferable>true</transferable>
<rely>false</rely>
<columnDependencyConstraintGenerateInDDL>true</columnDependencyConstraintGenerateInDDL>
</FKIndexAssociation>
