<?xml version = '1.0' encoding = 'UTF-8'?>
<Diagram class="oracle.dbtools.crest.swingui.relational.DPVRelational" name="Relational_1" id="0E0607CE-8783-B336-6CEC-08FD16E916C0">
<createdBy>tommy</createdBy>
<modifiedBy>tommy</modifiedBy>
<createdTime>2021-01-06 15:19:26 UTC</createdTime>
<autoRoute>false</autoRoute>
<boxInbox>true</boxInbox>
<showLegend>false</showLegend>
<showLabels>false</showLabels>
<showRelAttributes>false</showRelAttributes>
<gridEnabled>false</gridEnabled>
<showGrid>false</showGrid>
<diagramColor>-1</diagramColor>
<display>false</display>
<notation>1</notation>
<objectViews>
<OView class="oracle.dbtools.crest.swingui.relational.TVTable" oid="0A9E4D83-7025-D83D-B2B2-A8B9C45AA9B3" otype="Table" vid="0FC901F1-D34C-FE3E-BED3-632633F166B6">
<hideElementsInCurrentOnly>false</hideElementsInCurrentOnly>
<bounds x="59" y="757" width="126" height="62"/>
<useCustomFormat>true</useCustomFormat>
<useDefaultColor>false</useDefaultColor>
<backgroundColor>-5971457</backgroundColor>
<foregroundColor>-16777216</foregroundColor>
<fonts itemClass="oracle.dbtools.crest.model.design.FontObjectWr">
<FontObject>
<foType>Titel</foType>
<fontStyle>1</fontStyle>
<colorRGB>-16776961</colorRGB>
</FontObject>
<FontObject>
<foType>Spalte</foType>
<colorRGB>-16777216</colorRGB>
</FontObject>
<FontObject>
<foType>Nicht null</foType>
<colorRGB>-65536</colorRGB>
</FontObject>
<FontObject>
<foType>PK-Element</foType>
<colorRGB>-16776961</colorRGB>
</FontObject>
<FontObject>
<foType>Datentyp</foType>
<colorRGB>-16744448</colorRGB>
</FontObject>
<FontObject>
<foType>UK-Element</foType>
<colorRGB>-16776961</colorRGB>
</FontObject>
<FontObject>
<foType>Schlüssel</foType>
<colorRGB>-16777216</colorRGB>
</FontObject>
</fonts>
</OView>
<OView class="oracle.dbtools.crest.swingui.relational.TVTable" oid="0AEB57CE-AAF5-3ED5-366C-AF3E06E70628" otype="Table" vid="5F2D96DA-6C0E-A0D0-5BD0-FD3A47BD2701">
<hideElementsInCurrentOnly>false</hideElementsInCurrentOnly>
<bounds x="839" y="651" width="166" height="120"/>
<useCustomFormat>true</useCustomFormat>
<useDefaultColor>false</useDefaultColor>
<backgroundColor>-5971457</backgroundColor>
<foregroundColor>-16777216</foregroundColor>
<fonts itemClass="oracle.dbtools.crest.model.design.FontObjectWr">
<FontObject>
<foType>Titel</foType>
<fontStyle>1</fontStyle>
<colorRGB>-16776961</colorRGB>
</FontObject>
<FontObject>
<foType>Spalte</foType>
<colorRGB>-16777216</colorRGB>
</FontObject>
<FontObject>
<foType>Nicht null</foType>
<colorRGB>-65536</colorRGB>
</FontObject>
<FontObject>
<foType>PK-Element</foType>
<colorRGB>-16776961</colorRGB>
</FontObject>
<FontObject>
<foType>Datentyp</foType>
<colorRGB>-16744448</colorRGB>
</FontObject>
<FontObject>
<foType>Schlüssel</foType>
<colorRGB>-16777216</colorRGB>
</FontObject>
</fonts>
</OView>
<OView class="oracle.dbtools.crest.swingui.relational.TVTable" oid="16574DBA-2B6D-4F1D-CA96-63441E8640D2" otype="Table" vid="7E0098B8-3D70-3C55-F8CD-F86DBCAC7057">
<hideElementsInCurrentOnly>false</hideElementsInCurrentOnly>
<bounds x="1251" y="270" width="167" height="99"/>
<useCustomFormat>true</useCustomFormat>
<useDefaultColor>false</useDefaultColor>
<backgroundColor>-5971457</backgroundColor>
<foregroundColor>-16777216</foregroundColor>
<fonts itemClass="oracle.dbtools.crest.model.design.FontObjectWr">
<FontObject>
<foType>Titel</foType>
<fontStyle>1</fontStyle>
<colorRGB>-16776961</colorRGB>
</FontObject>
<FontObject>
<foType>Spalte</foType>
<colorRGB>-16777216</colorRGB>
</FontObject>
<FontObject>
<foType>Nicht null</foType>
<colorRGB>-65536</colorRGB>
</FontObject>
<FontObject>
<foType>PK-Element</foType>
<colorRGB>-16776961</colorRGB>
</FontObject>
<FontObject>
<foType>Datentyp</foType>
<colorRGB>-16744448</colorRGB>
</FontObject>
<FontObject>
<foType>Schlüssel</foType>
<colorRGB>-16777216</colorRGB>
</FontObject>
</fonts>
</OView>
<OView class="oracle.dbtools.crest.swingui.relational.TVTable" oid="2AEE3C90-FE78-2AE7-FF4A-8C7B97E5F2AD" otype="Table" vid="A16BE281-F15F-7613-5E8E-21C88ED4F803">
<hideElementsInCurrentOnly>false</hideElementsInCurrentOnly>
<bounds x="930" y="126" width="238" height="110"/>
<useCustomFormat>true</useCustomFormat>
<useDefaultColor>false</useDefaultColor>
<backgroundColor>-5971457</backgroundColor>
<foregroundColor>-16777216</foregroundColor>
<fonts itemClass="oracle.dbtools.crest.model.design.FontObjectWr">
<FontObject>
<foType>Titel</foType>
<fontStyle>1</fontStyle>
<colorRGB>-16776961</colorRGB>
</FontObject>
<FontObject>
<foType>Spalte</foType>
<colorRGB>-16777216</colorRGB>
</FontObject>
<FontObject>
<foType>Nicht null</foType>
<colorRGB>-65536</colorRGB>
</FontObject>
<FontObject>
<foType>FK-Element</foType>
<colorRGB>-16777216</colorRGB>
</FontObject>
<FontObject>
<foType>Datentyp</foType>
<colorRGB>-16744448</colorRGB>
</FontObject>
<FontObject>
<foType>Schlüssel</foType>
<colorRGB>-16777216</colorRGB>
</FontObject>
</fonts>
</OView>
<OView class="oracle.dbtools.crest.swingui.relational.TVTable" oid="3667819E-6FD9-937D-3111-0DB9BBAF8F98" otype="Table" vid="32DDC1AB-DF2A-AE84-4232-A47BBD893AC0">
<hideElementsInCurrentOnly>false</hideElementsInCurrentOnly>
<bounds x="313" y="709" width="190" height="100"/>
<useCustomFormat>true</useCustomFormat>
<useDefaultColor>false</useDefaultColor>
<backgroundColor>-5971457</backgroundColor>
<foregroundColor>-16777216</foregroundColor>
<fonts itemClass="oracle.dbtools.crest.model.design.FontObjectWr">
<FontObject>
<foType>Titel</foType>
<fontStyle>1</fontStyle>
<colorRGB>-16776961</colorRGB>
</FontObject>
<FontObject>
<foType>Spalte</foType>
<colorRGB>-16777216</colorRGB>
</FontObject>
<FontObject>
<foType>Nicht null</foType>
<colorRGB>-65536</colorRGB>
</FontObject>
<FontObject>
<foType>PK-Element</foType>
<colorRGB>-16776961</colorRGB>
</FontObject>
<FontObject>
<foType>Datentyp</foType>
<colorRGB>-16744448</colorRGB>
</FontObject>
<FontObject>
<foType>Schlüssel</foType>
<colorRGB>-16777216</colorRGB>
</FontObject>
</fonts>
</OView>
<OView class="oracle.dbtools.crest.swingui.relational.TVTable" oid="434A36B3-A75D-98F9-C785-369FF5D2180C" otype="Table" vid="E057EB6B-EBC9-913A-A1D2-0C2695A1C448">
<hideElementsInCurrentOnly>false</hideElementsInCurrentOnly>
<bounds x="56" y="589" width="128" height="65"/>
<useCustomFormat>true</useCustomFormat>
<useDefaultColor>false</useDefaultColor>
<backgroundColor>-5971457</backgroundColor>
<foregroundColor>-16777216</foregroundColor>
<fonts itemClass="oracle.dbtools.crest.model.design.FontObjectWr">
<FontObject>
<foType>Titel</foType>
<fontStyle>1</fontStyle>
<colorRGB>-16776961</colorRGB>
</FontObject>
<FontObject>
<foType>Spalte</foType>
<colorRGB>-16777216</colorRGB>
</FontObject>
<FontObject>
<foType>Nicht null</foType>
<colorRGB>-65536</colorRGB>
</FontObject>
<FontObject>
<foType>PK-Element</foType>
<colorRGB>-16776961</colorRGB>
</FontObject>
<FontObject>
<foType>Datentyp</foType>
<colorRGB>-16744448</colorRGB>
</FontObject>
<FontObject>
<foType>UK-Element</foType>
<colorRGB>-16776961</colorRGB>
</FontObject>
<FontObject>
<foType>Schlüssel</foType>
<colorRGB>-16777216</colorRGB>
</FontObject>
</fonts>
</OView>
<OView class="oracle.dbtools.crest.swingui.relational.TVTable" oid="525F553D-AB7E-3561-0CA9-242EAEF2E246" otype="Table" vid="7F23E1A4-5094-F330-B974-432A13171821">
<hideElementsInCurrentOnly>false</hideElementsInCurrentOnly>
<bounds x="931" y="3" width="228" height="110"/>
<useCustomFormat>true</useCustomFormat>
<useDefaultColor>false</useDefaultColor>
<backgroundColor>-5971457</backgroundColor>
<foregroundColor>-16777216</foregroundColor>
<fonts itemClass="oracle.dbtools.crest.model.design.FontObjectWr">
<FontObject>
<foType>Titel</foType>
<fontStyle>1</fontStyle>
<colorRGB>-16776961</colorRGB>
</FontObject>
<FontObject>
<foType>Spalte</foType>
<colorRGB>-16777216</colorRGB>
</FontObject>
<FontObject>
<foType>Nicht null</foType>
<colorRGB>-65536</colorRGB>
</FontObject>
<FontObject>
<foType>FK-Element</foType>
<colorRGB>-16777216</colorRGB>
</FontObject>
<FontObject>
<foType>Datentyp</foType>
<colorRGB>-16744448</colorRGB>
</FontObject>
<FontObject>
<foType>Schlüssel</foType>
<colorRGB>-16777216</colorRGB>
</FontObject>
</fonts>
</OView>
<OView class="oracle.dbtools.crest.swingui.relational.TVTable" oid="6F95B6A3-E60B-54CB-AEE4-05EB67A737D4" otype="Table" vid="30E85D53-3817-9FDF-97BA-C9C884FC6072">
<hideElementsInCurrentOnly>false</hideElementsInCurrentOnly>
<bounds x="1243" y="0" width="169" height="100"/>
<useCustomFormat>true</useCustomFormat>
<useDefaultColor>false</useDefaultColor>
<backgroundColor>-5971457</backgroundColor>
<foregroundColor>-16777216</foregroundColor>
<fonts itemClass="oracle.dbtools.crest.model.design.FontObjectWr">
<FontObject>
<foType>Titel</foType>
<fontStyle>1</fontStyle>
<colorRGB>-16776961</colorRGB>
</FontObject>
<FontObject>
<foType>Spalte</foType>
<colorRGB>-16777216</colorRGB>
</FontObject>
<FontObject>
<foType>Nicht null</foType>
<colorRGB>-65536</colorRGB>
</FontObject>
<FontObject>
<foType>PK-Element</foType>
<colorRGB>-16776961</colorRGB>
</FontObject>
<FontObject>
<foType>Datentyp</foType>
<colorRGB>-16744448</colorRGB>
</FontObject>
<FontObject>
<foType>Schlüssel</foType>
<colorRGB>-16777216</colorRGB>
</FontObject>
</fonts>
</OView>
<OView class="oracle.dbtools.crest.swingui.relational.TVTable" oid="780C439B-BCEF-473A-208F-42F5B9B5F081" otype="Table" vid="9EAC7D54-D2F0-4B0D-193F-21F3B0221B8A">
<hideElementsInCurrentOnly>false</hideElementsInCurrentOnly>
<bounds x="110" y="170" width="170" height="110"/>
</OView>
<OView class="oracle.dbtools.crest.swingui.relational.TVTable" oid="876BC259-004B-1525-5575-20B05023B25C" otype="Table" vid="840756BE-FD7D-57C3-771A-7355E2F46E4B">
<hideElementsInCurrentOnly>false</hideElementsInCurrentOnly>
<bounds x="940" y="254" width="242" height="110"/>
<useCustomFormat>true</useCustomFormat>
<useDefaultColor>false</useDefaultColor>
<backgroundColor>-5971457</backgroundColor>
<foregroundColor>-16777216</foregroundColor>
<fonts itemClass="oracle.dbtools.crest.model.design.FontObjectWr">
<FontObject>
<foType>Titel</foType>
<fontStyle>1</fontStyle>
<colorRGB>-16776961</colorRGB>
</FontObject>
<FontObject>
<foType>Spalte</foType>
<colorRGB>-16777216</colorRGB>
</FontObject>
<FontObject>
<foType>Nicht null</foType>
<colorRGB>-65536</colorRGB>
</FontObject>
<FontObject>
<foType>FK-Element</foType>
<colorRGB>-16777216</colorRGB>
</FontObject>
<FontObject>
<foType>Datentyp</foType>
<colorRGB>-16744448</colorRGB>
</FontObject>
<FontObject>
<foType>Schlüssel</foType>
<colorRGB>-16777216</colorRGB>
</FontObject>
</fonts>
</OView>
<OView class="oracle.dbtools.crest.swingui.relational.TVTable" oid="8EBEA950-CACC-8986-87BC-BAF6F880A32B" otype="Table" vid="2E0297C3-8341-0C4F-A4DE-2A765657AE1D">
<hideElementsInCurrentOnly>false</hideElementsInCurrentOnly>
<bounds x="44" y="32" width="518" height="276"/>
<useCustomFormat>true</useCustomFormat>
<useDefaultColor>false</useDefaultColor>
<backgroundColor>-5971457</backgroundColor>
<foregroundColor>-16777216</foregroundColor>
<fonts itemClass="oracle.dbtools.crest.model.design.FontObjectWr">
<FontObject>
<foType>Titel</foType>
<fontStyle>1</fontStyle>
<colorRGB>-16776961</colorRGB>
</FontObject>
<FontObject>
<foType>Spalte</foType>
<colorRGB>-16777216</colorRGB>
</FontObject>
<FontObject>
<foType>Nicht null</foType>
<colorRGB>-65536</colorRGB>
</FontObject>
<FontObject>
<foType>Datentyp</foType>
<colorRGB>-16744448</colorRGB>
</FontObject>
<FontObject>
<foType>FK-Element</foType>
<colorRGB>-16777216</colorRGB>
</FontObject>
<FontObject>
<foType>PK-Element</foType>
<colorRGB>-16776961</colorRGB>
</FontObject>
<FontObject>
<foType>Schlüssel</foType>
<colorRGB>-16777216</colorRGB>
</FontObject>
</fonts>
</OView>
<OView class="oracle.dbtools.crest.swingui.relational.TVTable" oid="99275E14-99CE-40CA-E077-906AB927D9CA" otype="Table" vid="F9C2D53D-26D1-70A4-80F8-25886F4792F4">
<hideElementsInCurrentOnly>false</hideElementsInCurrentOnly>
<bounds x="7" y="453" width="259" height="376"/>
<useCustomFormat>true</useCustomFormat>
<useDefaultColor>false</useDefaultColor>
<backgroundColor>-5971457</backgroundColor>
<foregroundColor>-16777216</foregroundColor>
<fonts itemClass="oracle.dbtools.crest.model.design.FontObjectWr">
<FontObject>
<foType>Titel</foType>
<fontStyle>1</fontStyle>
<colorRGB>-16776961</colorRGB>
</FontObject>
<FontObject>
<foType>Spalte</foType>
<colorRGB>-16777216</colorRGB>
</FontObject>
<FontObject>
<foType>Nicht null</foType>
<colorRGB>-65536</colorRGB>
</FontObject>
<FontObject>
<foType>PK-Element</foType>
<colorRGB>-16776961</colorRGB>
</FontObject>
<FontObject>
<foType>Datentyp</foType>
<colorRGB>-16744448</colorRGB>
</FontObject>
<FontObject>
<foType>Schlüssel</foType>
<colorRGB>-16777216</colorRGB>
</FontObject>
</fonts>
</OView>
<OView class="oracle.dbtools.crest.swingui.relational.TVTable" oid="A275F979-44B4-AFDE-DE62-D08318A840FE" otype="Table" vid="02171A99-9369-3D6E-F050-0A3FBC6C12AB">
<hideElementsInCurrentOnly>false</hideElementsInCurrentOnly>
<bounds x="1244" y="134" width="174" height="97"/>
<useCustomFormat>true</useCustomFormat>
<useDefaultColor>false</useDefaultColor>
<backgroundColor>-5971457</backgroundColor>
<foregroundColor>-16777216</foregroundColor>
<fonts itemClass="oracle.dbtools.crest.model.design.FontObjectWr">
<FontObject>
<foType>Titel</foType>
<fontStyle>1</fontStyle>
<colorRGB>-16776961</colorRGB>
</FontObject>
<FontObject>
<foType>Spalte</foType>
<colorRGB>-16777216</colorRGB>
</FontObject>
<FontObject>
<foType>Nicht null</foType>
<colorRGB>-65536</colorRGB>
</FontObject>
<FontObject>
<foType>PK-Element</foType>
<colorRGB>-16776961</colorRGB>
</FontObject>
<FontObject>
<foType>Datentyp</foType>
<colorRGB>-16744448</colorRGB>
</FontObject>
<FontObject>
<foType>Schlüssel</foType>
<colorRGB>-16777216</colorRGB>
</FontObject>
</fonts>
</OView>
<OView class="oracle.dbtools.crest.swingui.relational.TVTable" oid="A790D199-3987-429B-648F-7E8910BC1151" otype="Table" vid="7B9BDDAA-E33E-E0FE-0A17-59268FC979D2">
<hideElementsInCurrentOnly>false</hideElementsInCurrentOnly>
<bounds x="723" y="340" width="160" height="123"/>
<useCustomFormat>true</useCustomFormat>
<useDefaultColor>false</useDefaultColor>
<backgroundColor>-5971457</backgroundColor>
<foregroundColor>-16777216</foregroundColor>
<fonts itemClass="oracle.dbtools.crest.model.design.FontObjectWr">
<FontObject>
<foType>Titel</foType>
<fontStyle>1</fontStyle>
<colorRGB>-16776961</colorRGB>
</FontObject>
<FontObject>
<foType>Spalte</foType>
<colorRGB>-16777216</colorRGB>
</FontObject>
<FontObject>
<foType>Nicht null</foType>
<colorRGB>-65536</colorRGB>
</FontObject>
<FontObject>
<foType>PK-Element</foType>
<colorRGB>-16776961</colorRGB>
</FontObject>
<FontObject>
<foType>Datentyp</foType>
<colorRGB>-16744448</colorRGB>
</FontObject>
<FontObject>
<foType>Schlüssel</foType>
<colorRGB>-16777216</colorRGB>
</FontObject>
</fonts>
</OView>
<OView class="oracle.dbtools.crest.swingui.relational.TVTable" oid="CB917C41-F76C-7977-9359-B2822E16CF63" otype="Table" vid="007E63BE-9A6E-E44F-FB5A-882C14718B0E">
<hideElementsInCurrentOnly>false</hideElementsInCurrentOnly>
<bounds x="774" y="492" width="166" height="116"/>
<useCustomFormat>true</useCustomFormat>
<useDefaultColor>false</useDefaultColor>
<backgroundColor>-5971457</backgroundColor>
<foregroundColor>-16777216</foregroundColor>
<fonts itemClass="oracle.dbtools.crest.model.design.FontObjectWr">
<FontObject>
<foType>Titel</foType>
<fontStyle>1</fontStyle>
<colorRGB>-16776961</colorRGB>
</FontObject>
<FontObject>
<foType>Spalte</foType>
<colorRGB>-16777216</colorRGB>
</FontObject>
<FontObject>
<foType>Nicht null</foType>
<colorRGB>-65536</colorRGB>
</FontObject>
<FontObject>
<foType>PK-Element</foType>
<colorRGB>-16776961</colorRGB>
</FontObject>
<FontObject>
<foType>Datentyp</foType>
<colorRGB>-16744448</colorRGB>
</FontObject>
<FontObject>
<foType>Schlüssel</foType>
<colorRGB>-16777216</colorRGB>
</FontObject>
</fonts>
</OView>
<OView class="oracle.dbtools.crest.swingui.relational.TVTable" oid="DC12256A-099E-B414-8E0B-3046CE1332C3" otype="Table" vid="86513AAA-62CC-35AC-13C8-E3981D35A0FF">
<hideElementsInCurrentOnly>false</hideElementsInCurrentOnly>
<bounds x="63" y="673" width="125" height="69"/>
<useCustomFormat>true</useCustomFormat>
<useDefaultColor>false</useDefaultColor>
<backgroundColor>-5971457</backgroundColor>
<foregroundColor>-16777216</foregroundColor>
<fonts itemClass="oracle.dbtools.crest.model.design.FontObjectWr">
<FontObject>
<foType>Titel</foType>
<fontStyle>1</fontStyle>
<colorRGB>-16776961</colorRGB>
</FontObject>
<FontObject>
<foType>Spalte</foType>
<colorRGB>-16777216</colorRGB>
</FontObject>
<FontObject>
<foType>Nicht null</foType>
<colorRGB>-65536</colorRGB>
</FontObject>
<FontObject>
<foType>PK-Element</foType>
<colorRGB>-16776961</colorRGB>
</FontObject>
<FontObject>
<foType>Datentyp</foType>
<colorRGB>-16744448</colorRGB>
</FontObject>
<FontObject>
<foType>UK-Element</foType>
<colorRGB>-16776961</colorRGB>
</FontObject>
<FontObject>
<foType>Schlüssel</foType>
<colorRGB>-16777216</colorRGB>
</FontObject>
</fonts>
</OView>
<OView class="oracle.dbtools.crest.swingui.relational.TVTable" oid="ED92BE38-2EAC-0847-1D40-15164FC39A9C" otype="Table" vid="5D228C56-E933-53A9-394A-5E7E8795AA2B">
<hideElementsInCurrentOnly>false</hideElementsInCurrentOnly>
<bounds x="283" y="461" width="266" height="191"/>
<useCustomFormat>true</useCustomFormat>
<useDefaultColor>false</useDefaultColor>
<backgroundColor>-5971457</backgroundColor>
<foregroundColor>-16777216</foregroundColor>
<fonts itemClass="oracle.dbtools.crest.model.design.FontObjectWr">
<FontObject>
<foType>Titel</foType>
<fontStyle>1</fontStyle>
<colorRGB>-16776961</colorRGB>
</FontObject>
<FontObject>
<foType>Spalte</foType>
<colorRGB>-16777216</colorRGB>
</FontObject>
<FontObject>
<foType>Nicht null</foType>
<colorRGB>-65536</colorRGB>
</FontObject>
<FontObject>
<foType>PK-Element</foType>
<colorRGB>-16776961</colorRGB>
</FontObject>
<FontObject>
<foType>Datentyp</foType>
<colorRGB>-16744448</colorRGB>
</FontObject>
<FontObject>
<foType>FK-Element</foType>
<colorRGB>-16777216</colorRGB>
</FontObject>
<FontObject>
<foType>Schlüssel</foType>
<colorRGB>-16777216</colorRGB>
</FontObject>
</fonts>
</OView>
</objectViews>
<connectors>
<Connector class="oracle.dbtools.crest.swingui.relational.TVFKRelation" oid="096E5B3E-54EF-47B3-EC01-DA7F0EC751D2" otype="FKIndexAssociation" vid_source="2E0297C3-8341-0C4F-A4DE-2A765657AE1D" vid_target="5D228C56-E933-53A9-394A-5E7E8795AA2B">
<hideElementsInCurrentOnly>false</hideElementsInCurrentOnly>
<backgroundColor>-16777216</backgroundColor>
<lineWidth>1</lineWidth>
<points>
<point x="431" y="308"/>
<point x="431" y="461"/>
</points>
</Connector>
<Connector class="oracle.dbtools.crest.swingui.relational.TVFKRelation" oid="22FB2848-9143-CC90-9A1B-CE08C603C2B5" otype="FKIndexAssociation" vid_source="007E63BE-9A6E-E44F-FB5A-882C14718B0E" vid_target="2E0297C3-8341-0C4F-A4DE-2A765657AE1D">
<hideElementsInCurrentOnly>false</hideElementsInCurrentOnly>
<backgroundColor>-16777216</backgroundColor>
<lineWidth>1</lineWidth>
<points>
<point x="774" y="493"/>
<point x="504" y="308"/>
</points>
</Connector>
<Connector class="oracle.dbtools.crest.swingui.relational.TVFKRelation" oid="298490FF-D2F7-A71D-E70F-197D67031860" otype="FKIndexAssociation" vid_source="7E0098B8-3D70-3C55-F8CD-F86DBCAC7057" vid_target="840756BE-FD7D-57C3-771A-7355E2F46E4B">
<hideElementsInCurrentOnly>false</hideElementsInCurrentOnly>
<backgroundColor>-16777216</backgroundColor>
<lineWidth>1</lineWidth>
<points>
<point x="1251" y="317"/>
<point x="1182" y="317"/>
</points>
</Connector>
<Connector class="oracle.dbtools.crest.swingui.relational.TVFKRelation" oid="466B1FF2-35B5-F224-F8C1-BFFE2AF06CA6" otype="FKIndexAssociation" vid_source="2E0297C3-8341-0C4F-A4DE-2A765657AE1D" vid_target="9EAC7D54-D2F0-4B0D-193F-21F3B0221B8A">
<hideElementsInCurrentOnly>false</hideElementsInCurrentOnly>
<backgroundColor>-16777216</backgroundColor>
<lineWidth>1</lineWidth>
<points>
<point x="562" y="225"/>
<point x="110" y="225"/>
</points>
</Connector>
<Connector class="oracle.dbtools.crest.swingui.relational.TVFKRelation" oid="4FE7C31A-E4A8-C69E-7B36-551234B7E719" otype="FKIndexAssociation" vid_source="F9C2D53D-26D1-70A4-80F8-25886F4792F4" vid_target="E057EB6B-EBC9-913A-A1D2-0C2695A1C448">
<hideElementsInCurrentOnly>false</hideElementsInCurrentOnly>
<backgroundColor>-16777216</backgroundColor>
<lineWidth>1</lineWidth>
<points>
<point x="266" y="621"/>
<point x="56" y="621"/>
</points>
</Connector>
<Connector class="oracle.dbtools.crest.swingui.relational.TVFKRelation" oid="5AC3F150-81D3-31FB-4DAF-B7713CE34328" otype="FKIndexAssociation" vid_source="F9C2D53D-26D1-70A4-80F8-25886F4792F4" vid_target="0FC901F1-D34C-FE3E-BED3-632633F166B6">
<hideElementsInCurrentOnly>false</hideElementsInCurrentOnly>
<backgroundColor>-16777216</backgroundColor>
<lineWidth>1</lineWidth>
<points>
<point x="266" y="788"/>
<point x="59" y="788"/>
</points>
</Connector>
<Connector class="oracle.dbtools.crest.swingui.relational.TVFKRelation" oid="7C7D53C6-520C-53A8-6160-C4556353D23E" otype="FKIndexAssociation" vid_source="5F2D96DA-6C0E-A0D0-5BD0-FD3A47BD2701" vid_target="2E0297C3-8341-0C4F-A4DE-2A765657AE1D">
<hideElementsInCurrentOnly>false</hideElementsInCurrentOnly>
<backgroundColor>-16777216</backgroundColor>
<lineWidth>1</lineWidth>
<points>
<point x="853" y="651"/>
<point x="460" y="308"/>
</points>
</Connector>
<Connector class="oracle.dbtools.crest.swingui.relational.TVFKRelation" oid="91B51354-6891-6F1E-C076-E308A97AA748" otype="FKIndexAssociation" vid_source="2E0297C3-8341-0C4F-A4DE-2A765657AE1D" vid_target="7F23E1A4-5094-F330-B974-432A13171821">
<hideElementsInCurrentOnly>false</hideElementsInCurrentOnly>
<backgroundColor>-16777216</backgroundColor>
<lineWidth>1</lineWidth>
<points>
<point x="562" y="87"/>
<point x="931" y="87"/>
</points>
</Connector>
<Connector class="oracle.dbtools.crest.swingui.relational.TVFKRelation" oid="92B0321F-ED95-97BD-41E0-A7BCB0FC8318" otype="FKIndexAssociation" vid_source="2E0297C3-8341-0C4F-A4DE-2A765657AE1D" vid_target="A16BE281-F15F-7613-5E8E-21C88ED4F803">
<hideElementsInCurrentOnly>false</hideElementsInCurrentOnly>
<backgroundColor>-16777216</backgroundColor>
<lineWidth>1</lineWidth>
<points>
<point x="562" y="181"/>
<point x="930" y="181"/>
</points>
</Connector>
<Connector class="oracle.dbtools.crest.swingui.relational.TVFKRelation" oid="A1AC9962-2665-F4CC-0E3B-E1BD2BB6D658" otype="FKIndexAssociation" vid_source="2E0297C3-8341-0C4F-A4DE-2A765657AE1D" vid_target="840756BE-FD7D-57C3-771A-7355E2F46E4B">
<hideElementsInCurrentOnly>false</hideElementsInCurrentOnly>
<backgroundColor>-16777216</backgroundColor>
<lineWidth>1</lineWidth>
<points>
<point x="562" y="266"/>
<point x="940" y="266"/>
</points>
</Connector>
<Connector class="oracle.dbtools.crest.swingui.relational.TVFKRelation" oid="A1CB3687-D09B-B2C6-7B32-161E89704950" otype="FKIndexAssociation" vid_source="02171A99-9369-3D6E-F050-0A3FBC6C12AB" vid_target="A16BE281-F15F-7613-5E8E-21C88ED4F803">
<hideElementsInCurrentOnly>false</hideElementsInCurrentOnly>
<backgroundColor>-16777216</backgroundColor>
<lineWidth>1</lineWidth>
<points>
<point x="1244" y="182"/>
<point x="1168" y="182"/>
</points>
</Connector>
<Connector class="oracle.dbtools.crest.swingui.relational.TVFKRelation" oid="C49512C6-7F27-7317-E168-B5D47EB64422" otype="FKIndexAssociation" vid_source="F9C2D53D-26D1-70A4-80F8-25886F4792F4" vid_target="86513AAA-62CC-35AC-13C8-E3981D35A0FF">
<hideElementsInCurrentOnly>false</hideElementsInCurrentOnly>
<backgroundColor>-16777216</backgroundColor>
<lineWidth>1</lineWidth>
<points>
<point x="266" y="707"/>
<point x="63" y="707"/>
</points>
</Connector>
<Connector class="oracle.dbtools.crest.swingui.relational.TVFKRelation" oid="CD4E6C6F-12CA-AE67-96AC-8F605A2FCEB0" otype="FKIndexAssociation" vid_source="7B9BDDAA-E33E-E0FE-0A17-59268FC979D2" vid_target="2E0297C3-8341-0C4F-A4DE-2A765657AE1D">
<hideElementsInCurrentOnly>false</hideElementsInCurrentOnly>
<backgroundColor>-16777216</backgroundColor>
<lineWidth>1</lineWidth>
<points>
<point x="723" y="364"/>
<point x="562" y="289"/>
</points>
</Connector>
<Connector class="oracle.dbtools.crest.swingui.relational.TVFKRelation" oid="CE6CD3BD-BAAB-647E-DC26-9759D52AB8F8" otype="FKIndexAssociation" vid_source="30E85D53-3817-9FDF-97BA-C9C884FC6072" vid_target="7F23E1A4-5094-F330-B974-432A13171821">
<hideElementsInCurrentOnly>false</hideElementsInCurrentOnly>
<backgroundColor>-16777216</backgroundColor>
<lineWidth>1</lineWidth>
<points>
<point x="1243" y="51"/>
<point x="1159" y="51"/>
</points>
</Connector>
<Connector class="oracle.dbtools.crest.swingui.relational.TVFKRelation" oid="EA4B1CC5-62B8-3C66-705D-02EDAD89DF06" otype="FKIndexAssociation" vid_source="0FC901F1-D34C-FE3E-BED3-632633F166B6" vid_target="9EAC7D54-D2F0-4B0D-193F-21F3B0221B8A">
<hideElementsInCurrentOnly>false</hideElementsInCurrentOnly>
<backgroundColor>-16777216</backgroundColor>
<lineWidth>1</lineWidth>
<points>
<point x="147" y="757"/>
<point x="147" y="280"/>
</points>
</Connector>
<Connector class="oracle.dbtools.crest.swingui.relational.TVFKRelation" oid="F420976F-D42A-7AA6-FC2C-18E6C8BA3094" otype="FKIndexAssociation" vid_source="32DDC1AB-DF2A-AE84-4232-A47BBD893AC0" vid_target="5D228C56-E933-53A9-394A-5E7E8795AA2B">
<hideElementsInCurrentOnly>false</hideElementsInCurrentOnly>
<backgroundColor>-16777216</backgroundColor>
<lineWidth>1</lineWidth>
<points>
<point x="408" y="709"/>
<point x="408" y="652"/>
</points>
</Connector>
</connectors>
<arcs>
<Arc class="oracle.dbtools.crest.swingui.relational.TVFKArc" oid="AA86657E-B8CD-3724-58D3-FB518302E966" otype="FKArc" vid="04929A02-4C31-DE53-2254-E85A3B9FA843">
<hideElementsInCurrentOnly>false</hideElementsInCurrentOnly>
<bounds x="-13" y="433" width="299" height="416"/>
</Arc>
</arcs>
</Diagram>
