<?xml version = '1.0' encoding = 'UTF-8'?>
<Diagram class="oracle.dbtools.crest.swingui.relational.DPVRelational" name="Relational_1" id="0E0607CE-8783-B336-6CEC-08FD16E916C0">
<createdBy>tommy</createdBy>
<modifiedBy>tommy</modifiedBy>
<createdTime>2021-01-06 15:19:26 UTC</createdTime>
<autoRoute>false</autoRoute>
<boxInbox>true</boxInbox>
<showLegend>false</showLegend>
<showLabels>false</showLabels>
<showRelAttributes>false</showRelAttributes>
<gridEnabled>false</gridEnabled>
<showGrid>false</showGrid>
<diagramColor>-1</diagramColor>
<display>false</display>
<notation>1</notation>
<objectViews>
<OView class="oracle.dbtools.crest.swingui.relational.TVTable" oid="0A9E4D83-7025-D83D-B2B2-A8B9C45AA9B3" otype="Table" vid="0FC901F1-D34C-FE3E-BED3-632633F166B6">
<hideElementsInCurrentOnly>false</hideElementsInCurrentOnly>
<bounds x="918" y="630" width="132" height="79"/>
<useCustomFormat>true</useCustomFormat>
<useDefaultColor>false</useDefaultColor>
<backgroundColor>-5971457</backgroundColor>
<foregroundColor>-16777216</foregroundColor>
<fonts itemClass="oracle.dbtools.crest.model.design.FontObjectWr">
<FontObject>
<foType>Titel</foType>
<fontStyle>1</fontStyle>
<colorRGB>-16776961</colorRGB>
</FontObject>
<FontObject>
<foType>Spalte</foType>
<colorRGB>-16777216</colorRGB>
</FontObject>
<FontObject>
<foType>Nicht null</foType>
<colorRGB>-65536</colorRGB>
</FontObject>
<FontObject>
<foType>PK-Element</foType>
<colorRGB>-16776961</colorRGB>
</FontObject>
<FontObject>
<foType>Datentyp</foType>
<colorRGB>-16744448</colorRGB>
</FontObject>
<FontObject>
<foType>Schlüssel</foType>
<colorRGB>-16777216</colorRGB>
</FontObject>
<FontObject>
<foType>UK-Element</foType>
<colorRGB>-16776961</colorRGB>
</FontObject>
</fonts>
</OView>
<OView class="oracle.dbtools.crest.swingui.relational.TVTable" oid="0AEB57CE-AAF5-3ED5-366C-AF3E06E70628" otype="Table" vid="5F2D96DA-6C0E-A0D0-5BD0-FD3A47BD2701">
<hideElementsInCurrentOnly>false</hideElementsInCurrentOnly>
<bounds x="77" y="319" width="174" height="114"/>
<useCustomFormat>true</useCustomFormat>
<useDefaultColor>false</useDefaultColor>
<backgroundColor>-5971457</backgroundColor>
<foregroundColor>-16777216</foregroundColor>
<fonts itemClass="oracle.dbtools.crest.model.design.FontObjectWr">
<FontObject>
<foType>Titel</foType>
<fontStyle>1</fontStyle>
<colorRGB>-16776961</colorRGB>
</FontObject>
<FontObject>
<foType>Spalte</foType>
<colorRGB>-16777216</colorRGB>
</FontObject>
<FontObject>
<foType>Nicht null</foType>
<colorRGB>-65536</colorRGB>
</FontObject>
<FontObject>
<foType>PK-Element</foType>
<colorRGB>-16776961</colorRGB>
</FontObject>
<FontObject>
<foType>Datentyp</foType>
<colorRGB>-16744448</colorRGB>
</FontObject>
<FontObject>
<foType>Schlüssel</foType>
<colorRGB>-16777216</colorRGB>
</FontObject>
</fonts>
</OView>
<OView class="oracle.dbtools.crest.swingui.relational.TVTable" oid="16574DBA-2B6D-4F1D-CA96-63441E8640D2" otype="Table" vid="7E0098B8-3D70-3C55-F8CD-F86DBCAC7057">
<hideElementsInCurrentOnly>false</hideElementsInCurrentOnly>
<bounds x="796" y="7" width="206" height="164"/>
<useCustomFormat>true</useCustomFormat>
<useDefaultColor>false</useDefaultColor>
<backgroundColor>-5971457</backgroundColor>
<foregroundColor>-16777216</foregroundColor>
<fonts itemClass="oracle.dbtools.crest.model.design.FontObjectWr">
<FontObject>
<foType>Titel</foType>
<fontStyle>1</fontStyle>
<colorRGB>-16776961</colorRGB>
</FontObject>
<FontObject>
<foType>Spalte</foType>
<colorRGB>-16777216</colorRGB>
</FontObject>
<FontObject>
<foType>Nicht null</foType>
<colorRGB>-65536</colorRGB>
</FontObject>
<FontObject>
<foType>PK-Element</foType>
<colorRGB>-16776961</colorRGB>
</FontObject>
<FontObject>
<foType>Datentyp</foType>
<colorRGB>-16744448</colorRGB>
</FontObject>
<FontObject>
<foType>Schlüssel</foType>
<colorRGB>-16777216</colorRGB>
</FontObject>
</fonts>
</OView>
<OView class="oracle.dbtools.crest.swingui.relational.TVTable" oid="3667819E-6FD9-937D-3111-0DB9BBAF8F98" otype="Table" vid="32DDC1AB-DF2A-AE84-4232-A47BBD893AC0">
<hideElementsInCurrentOnly>false</hideElementsInCurrentOnly>
<bounds x="834" y="210" width="170" height="110"/>
<useCustomFormat>true</useCustomFormat>
<useDefaultColor>false</useDefaultColor>
<backgroundColor>-5971457</backgroundColor>
<foregroundColor>-16777216</foregroundColor>
<fonts itemClass="oracle.dbtools.crest.model.design.FontObjectWr">
<FontObject>
<foType>Titel</foType>
<fontStyle>1</fontStyle>
<colorRGB>-16776961</colorRGB>
</FontObject>
<FontObject>
<foType>Spalte</foType>
<colorRGB>-16777216</colorRGB>
</FontObject>
<FontObject>
<foType>Nicht null</foType>
<colorRGB>-65536</colorRGB>
</FontObject>
<FontObject>
<foType>PK-Element</foType>
<colorRGB>-16776961</colorRGB>
</FontObject>
<FontObject>
<foType>Datentyp</foType>
<colorRGB>-16744448</colorRGB>
</FontObject>
<FontObject>
<foType>Schlüssel</foType>
<colorRGB>-16777216</colorRGB>
</FontObject>
</fonts>
</OView>
<OView class="oracle.dbtools.crest.swingui.relational.TVTable" oid="434A36B3-A75D-98F9-C785-369FF5D2180C" otype="Table" vid="E057EB6B-EBC9-913A-A1D2-0C2695A1C448">
<hideElementsInCurrentOnly>false</hideElementsInCurrentOnly>
<bounds x="918" y="719" width="132" height="79"/>
<useCustomFormat>true</useCustomFormat>
<useDefaultColor>false</useDefaultColor>
<backgroundColor>-5971457</backgroundColor>
<foregroundColor>-16777216</foregroundColor>
<fonts itemClass="oracle.dbtools.crest.model.design.FontObjectWr">
<FontObject>
<foType>Titel</foType>
<fontStyle>1</fontStyle>
<colorRGB>-16776961</colorRGB>
</FontObject>
<FontObject>
<foType>Spalte</foType>
<colorRGB>-16777216</colorRGB>
</FontObject>
<FontObject>
<foType>Nicht null</foType>
<colorRGB>-65536</colorRGB>
</FontObject>
<FontObject>
<foType>PK-Element</foType>
<colorRGB>-16776961</colorRGB>
</FontObject>
<FontObject>
<foType>Datentyp</foType>
<colorRGB>-16744448</colorRGB>
</FontObject>
<FontObject>
<foType>Schlüssel</foType>
<colorRGB>-16777216</colorRGB>
</FontObject>
<FontObject>
<foType>UK-Element</foType>
<colorRGB>-16776961</colorRGB>
</FontObject>
</fonts>
</OView>
<OView class="oracle.dbtools.crest.swingui.relational.TVTable" oid="6F95B6A3-E60B-54CB-AEE4-05EB67A737D4" otype="Table" vid="30E85D53-3817-9FDF-97BA-C9C884FC6072">
<hideElementsInCurrentOnly>false</hideElementsInCurrentOnly>
<bounds x="617" y="687" width="173" height="109"/>
<useCustomFormat>true</useCustomFormat>
<useDefaultColor>false</useDefaultColor>
<backgroundColor>-5971457</backgroundColor>
<foregroundColor>-16777216</foregroundColor>
<fonts itemClass="oracle.dbtools.crest.model.design.FontObjectWr">
<FontObject>
<foType>Titel</foType>
<fontStyle>1</fontStyle>
<colorRGB>-16776961</colorRGB>
</FontObject>
<FontObject>
<foType>Spalte</foType>
<colorRGB>-16777216</colorRGB>
</FontObject>
<FontObject>
<foType>Nicht null</foType>
<colorRGB>-65536</colorRGB>
</FontObject>
<FontObject>
<foType>PK-Element</foType>
<colorRGB>-16776961</colorRGB>
</FontObject>
<FontObject>
<foType>Datentyp</foType>
<colorRGB>-16744448</colorRGB>
</FontObject>
<FontObject>
<foType>Schlüssel</foType>
<colorRGB>-16777216</colorRGB>
</FontObject>
</fonts>
</OView>
<OView class="oracle.dbtools.crest.swingui.relational.TVTable" oid="8A3174FA-E8AB-B814-65E4-03A0A24C5FE4" otype="Table" vid="9720E66F-2D45-BBF7-271A-3BF5EA66A89B">
<hideElementsInCurrentOnly>false</hideElementsInCurrentOnly>
<bounds x="471" y="11" width="219" height="159"/>
<useCustomFormat>true</useCustomFormat>
<useDefaultColor>false</useDefaultColor>
<backgroundColor>-5971457</backgroundColor>
<foregroundColor>-16777216</foregroundColor>
<fonts itemClass="oracle.dbtools.crest.model.design.FontObjectWr">
<FontObject>
<foType>Titel</foType>
<fontStyle>1</fontStyle>
<colorRGB>-16776961</colorRGB>
</FontObject>
<FontObject>
<foType>Spalte</foType>
<colorRGB>-16777216</colorRGB>
</FontObject>
<FontObject>
<foType>Nicht null</foType>
<colorRGB>-65536</colorRGB>
</FontObject>
<FontObject>
<foType>FK-Element</foType>
<colorRGB>-16777216</colorRGB>
</FontObject>
<FontObject>
<foType>Datentyp</foType>
<colorRGB>-16744448</colorRGB>
</FontObject>
<FontObject>
<foType>Schlüssel</foType>
<colorRGB>-16777216</colorRGB>
</FontObject>
</fonts>
</OView>
<OView class="oracle.dbtools.crest.swingui.relational.TVTable" oid="8EBEA950-CACC-8986-87BC-BAF6F880A32B" otype="Table" vid="2E0297C3-8341-0C4F-A4DE-2A765657AE1D">
<hideElementsInCurrentOnly>false</hideElementsInCurrentOnly>
<bounds x="467" y="418" width="252" height="170"/>
<useCustomFormat>true</useCustomFormat>
<useDefaultColor>false</useDefaultColor>
<backgroundColor>-5971457</backgroundColor>
<foregroundColor>-16777216</foregroundColor>
<fonts itemClass="oracle.dbtools.crest.model.design.FontObjectWr">
<FontObject>
<foType>Titel</foType>
<fontStyle>1</fontStyle>
<colorRGB>-16776961</colorRGB>
</FontObject>
<FontObject>
<foType>Spalte</foType>
<colorRGB>-16777216</colorRGB>
</FontObject>
<FontObject>
<foType>Nicht null</foType>
<colorRGB>-65536</colorRGB>
</FontObject>
<FontObject>
<foType>FK-Element</foType>
<colorRGB>-16777216</colorRGB>
</FontObject>
<FontObject>
<foType>Datentyp</foType>
<colorRGB>-16744448</colorRGB>
</FontObject>
<FontObject>
<foType>PK-Element</foType>
<colorRGB>-16776961</colorRGB>
</FontObject>
<FontObject>
<foType>Schlüssel</foType>
<colorRGB>-16777216</colorRGB>
</FontObject>
</fonts>
</OView>
<OView class="oracle.dbtools.crest.swingui.relational.TVTable" oid="99275E14-99CE-40CA-E077-906AB927D9CA" otype="Table" vid="F9C2D53D-26D1-70A4-80F8-25886F4792F4">
<hideElementsInCurrentOnly>false</hideElementsInCurrentOnly>
<bounds x="853" y="399" width="268" height="409"/>
<useCustomFormat>true</useCustomFormat>
<useDefaultColor>false</useDefaultColor>
<backgroundColor>-5971457</backgroundColor>
<foregroundColor>-16777216</foregroundColor>
<fonts itemClass="oracle.dbtools.crest.model.design.FontObjectWr">
<FontObject>
<foType>Titel</foType>
<fontStyle>1</fontStyle>
<colorRGB>-16776961</colorRGB>
</FontObject>
<FontObject>
<foType>Spalte</foType>
<colorRGB>-16777216</colorRGB>
</FontObject>
<FontObject>
<foType>Nicht null</foType>
<colorRGB>-65536</colorRGB>
</FontObject>
<FontObject>
<foType>PK-Element</foType>
<colorRGB>-16776961</colorRGB>
</FontObject>
<FontObject>
<foType>Datentyp</foType>
<colorRGB>-16744448</colorRGB>
</FontObject>
<FontObject>
<foType>Schlüssel</foType>
<colorRGB>-16777216</colorRGB>
</FontObject>
</fonts>
</OView>
<OView class="oracle.dbtools.crest.swingui.relational.TVTable" oid="A275F979-44B4-AFDE-DE62-D08318A840FE" otype="Table" vid="02171A99-9369-3D6E-F050-0A3FBC6C12AB">
<hideElementsInCurrentOnly>false</hideElementsInCurrentOnly>
<bounds x="81" y="464" width="171" height="111"/>
<useCustomFormat>true</useCustomFormat>
<useDefaultColor>false</useDefaultColor>
<backgroundColor>-5971457</backgroundColor>
<foregroundColor>-16777216</foregroundColor>
<fonts itemClass="oracle.dbtools.crest.model.design.FontObjectWr">
<FontObject>
<foType>Titel</foType>
<fontStyle>1</fontStyle>
<colorRGB>-16776961</colorRGB>
</FontObject>
<FontObject>
<foType>Spalte</foType>
<colorRGB>-16777216</colorRGB>
</FontObject>
<FontObject>
<foType>Nicht null</foType>
<colorRGB>-65536</colorRGB>
</FontObject>
<FontObject>
<foType>PK-Element</foType>
<colorRGB>-16776961</colorRGB>
</FontObject>
<FontObject>
<foType>Datentyp</foType>
<colorRGB>-16744448</colorRGB>
</FontObject>
<FontObject>
<foType>Schlüssel</foType>
<colorRGB>-16777216</colorRGB>
</FontObject>
</fonts>
</OView>
<OView class="oracle.dbtools.crest.swingui.relational.TVTable" oid="A790D199-3987-429B-648F-7E8910BC1151" otype="Table" vid="7B9BDDAA-E33E-E0FE-0A17-59268FC979D2">
<hideElementsInCurrentOnly>false</hideElementsInCurrentOnly>
<bounds x="378" y="686" width="190" height="110"/>
<useCustomFormat>true</useCustomFormat>
<useDefaultColor>false</useDefaultColor>
<backgroundColor>-5971457</backgroundColor>
<foregroundColor>-16777216</foregroundColor>
<fonts itemClass="oracle.dbtools.crest.model.design.FontObjectWr">
<FontObject>
<foType>Titel</foType>
<fontStyle>1</fontStyle>
<colorRGB>-16776961</colorRGB>
</FontObject>
<FontObject>
<foType>Spalte</foType>
<colorRGB>-16777216</colorRGB>
</FontObject>
<FontObject>
<foType>Nicht null</foType>
<colorRGB>-65536</colorRGB>
</FontObject>
<FontObject>
<foType>PK-Element</foType>
<colorRGB>-16776961</colorRGB>
</FontObject>
<FontObject>
<foType>Datentyp</foType>
<colorRGB>-16744448</colorRGB>
</FontObject>
<FontObject>
<foType>Schlüssel</foType>
<colorRGB>-16777216</colorRGB>
</FontObject>
</fonts>
</OView>
<OView class="oracle.dbtools.crest.swingui.relational.TVTable" oid="B336232A-42DB-C8CF-6FBD-09D3B91C0BA8" otype="Table" vid="F190D34C-8C9C-AE30-1F46-BCE9C842370F">
<hideElementsInCurrentOnly>false</hideElementsInCurrentOnly>
<bounds x="20" y="16" width="339" height="256"/>
<useCustomFormat>true</useCustomFormat>
<useDefaultColor>false</useDefaultColor>
<backgroundColor>-5971457</backgroundColor>
<foregroundColor>-16777216</foregroundColor>
<fonts itemClass="oracle.dbtools.crest.model.design.FontObjectWr">
<FontObject>
<foType>Titel</foType>
<fontStyle>1</fontStyle>
<colorRGB>-16776961</colorRGB>
</FontObject>
<FontObject>
<foType>Spalte</foType>
<colorRGB>-16777216</colorRGB>
</FontObject>
<FontObject>
<foType>Nicht null</foType>
<colorRGB>-65536</colorRGB>
</FontObject>
<FontObject>
<foType>PK-Element</foType>
<colorRGB>-16776961</colorRGB>
</FontObject>
<FontObject>
<foType>Datentyp</foType>
<colorRGB>-16744448</colorRGB>
</FontObject>
<FontObject>
<foType>Schlüssel</foType>
<colorRGB>-16777216</colorRGB>
</FontObject>
</fonts>
</OView>
<OView class="oracle.dbtools.crest.swingui.relational.TVTable" oid="CB917C41-F76C-7977-9359-B2822E16CF63" otype="Table" vid="007E63BE-9A6E-E44F-FB5A-882C14718B0E">
<hideElementsInCurrentOnly>false</hideElementsInCurrentOnly>
<bounds x="80" y="606" width="170" height="114"/>
<useCustomFormat>true</useCustomFormat>
<useDefaultColor>false</useDefaultColor>
<backgroundColor>-5971457</backgroundColor>
<foregroundColor>-16777216</foregroundColor>
<fonts itemClass="oracle.dbtools.crest.model.design.FontObjectWr">
<FontObject>
<foType>Titel</foType>
<fontStyle>1</fontStyle>
<colorRGB>-16776961</colorRGB>
</FontObject>
<FontObject>
<foType>Spalte</foType>
<colorRGB>-16777216</colorRGB>
</FontObject>
<FontObject>
<foType>Nicht null</foType>
<colorRGB>-65536</colorRGB>
</FontObject>
<FontObject>
<foType>PK-Element</foType>
<colorRGB>-16776961</colorRGB>
</FontObject>
<FontObject>
<foType>Datentyp</foType>
<colorRGB>-16744448</colorRGB>
</FontObject>
<FontObject>
<foType>Schlüssel</foType>
<colorRGB>-16777216</colorRGB>
</FontObject>
</fonts>
</OView>
<OView class="oracle.dbtools.crest.swingui.relational.TVTable" oid="DC12256A-099E-B414-8E0B-3046CE1332C3" otype="Table" vid="86513AAA-62CC-35AC-13C8-E3981D35A0FF">
<hideElementsInCurrentOnly>false</hideElementsInCurrentOnly>
<bounds x="917" y="538" width="134" height="81"/>
<useCustomFormat>true</useCustomFormat>
<useDefaultColor>false</useDefaultColor>
<backgroundColor>-5971457</backgroundColor>
<foregroundColor>-16777216</foregroundColor>
<fonts itemClass="oracle.dbtools.crest.model.design.FontObjectWr">
<FontObject>
<foType>Titel</foType>
<fontStyle>1</fontStyle>
<colorRGB>-16776961</colorRGB>
</FontObject>
<FontObject>
<foType>Spalte</foType>
<colorRGB>-16777216</colorRGB>
</FontObject>
<FontObject>
<foType>Nicht null</foType>
<colorRGB>-65536</colorRGB>
</FontObject>
<FontObject>
<foType>PK-Element</foType>
<colorRGB>-16776961</colorRGB>
</FontObject>
<FontObject>
<foType>Datentyp</foType>
<colorRGB>-16744448</colorRGB>
</FontObject>
<FontObject>
<foType>Schlüssel</foType>
<colorRGB>-16777216</colorRGB>
</FontObject>
<FontObject>
<foType>UK-Element</foType>
<colorRGB>-16776961</colorRGB>
</FontObject>
</fonts>
</OView>
<OView class="oracle.dbtools.crest.swingui.relational.TVTable" oid="ED92BE38-2EAC-0847-1D40-15164FC39A9C" otype="Table" vid="5D228C56-E933-53A9-394A-5E7E8795AA2B">
<hideElementsInCurrentOnly>false</hideElementsInCurrentOnly>
<bounds x="502" y="216" width="170" height="110"/>
<useCustomFormat>true</useCustomFormat>
<useDefaultColor>false</useDefaultColor>
<backgroundColor>-5971457</backgroundColor>
<foregroundColor>-16777216</foregroundColor>
<fonts itemClass="oracle.dbtools.crest.model.design.FontObjectWr">
<FontObject>
<foType>Titel</foType>
<fontStyle>1</fontStyle>
<colorRGB>-16776961</colorRGB>
</FontObject>
<FontObject>
<foType>Spalte</foType>
<colorRGB>-16777216</colorRGB>
</FontObject>
<FontObject>
<foType>Nicht null</foType>
<colorRGB>-65536</colorRGB>
</FontObject>
<FontObject>
<foType>PK-Element</foType>
<colorRGB>-16776961</colorRGB>
</FontObject>
<FontObject>
<foType>Datentyp</foType>
<colorRGB>-16744448</colorRGB>
</FontObject>
<FontObject>
<foType>FK-Element</foType>
<colorRGB>-16777216</colorRGB>
</FontObject>
<FontObject>
<foType>Schlüssel</foType>
<colorRGB>-16777216</colorRGB>
</FontObject>
</fonts>
</OView>
</objectViews>
<connectors>
<Connector class="oracle.dbtools.crest.swingui.relational.TVFKRelation" oid="0F7AC071-0EAA-0775-2AA7-62A6D70B0C67" otype="FKIndexAssociation" vid_source="F190D34C-8C9C-AE30-1F46-BCE9C842370F" vid_target="5D228C56-E933-53A9-394A-5E7E8795AA2B">
<hideElementsInCurrentOnly>false</hideElementsInCurrentOnly>
<backgroundColor>-16777216</backgroundColor>
<lineWidth>1</lineWidth>
<points>
<point x="359" y="244"/>
<point x="502" y="244"/>
</points>
</Connector>
<Connector class="oracle.dbtools.crest.swingui.relational.TVFKRelation" oid="1C927528-4B4F-08C6-6516-D08975A4FB85" otype="FKIndexAssociation" vid_source="02171A99-9369-3D6E-F050-0A3FBC6C12AB" vid_target="2E0297C3-8341-0C4F-A4DE-2A765657AE1D">
<hideElementsInCurrentOnly>false</hideElementsInCurrentOnly>
<backgroundColor>-16777216</backgroundColor>
<lineWidth>1</lineWidth>
<points>
<point x="252" y="519"/>
<point x="467" y="504"/>
</points>
</Connector>
<Connector class="oracle.dbtools.crest.swingui.relational.TVFKRelation" oid="22FB2848-9143-CC90-9A1B-CE08C603C2B5" otype="FKIndexAssociation" vid_source="007E63BE-9A6E-E44F-FB5A-882C14718B0E" vid_target="2E0297C3-8341-0C4F-A4DE-2A765657AE1D">
<hideElementsInCurrentOnly>false</hideElementsInCurrentOnly>
<backgroundColor>-16777216</backgroundColor>
<lineWidth>1</lineWidth>
<points>
<point x="250" y="631"/>
<point x="467" y="550"/>
</points>
</Connector>
<Connector class="oracle.dbtools.crest.swingui.relational.TVFKRelation" oid="4FE7C31A-E4A8-C69E-7B36-551234B7E719" otype="FKIndexAssociation" vid_source="F9C2D53D-26D1-70A4-80F8-25886F4792F4" vid_target="E057EB6B-EBC9-913A-A1D2-0C2695A1C448">
<hideElementsInCurrentOnly>false</hideElementsInCurrentOnly>
<backgroundColor>-16777216</backgroundColor>
<lineWidth>1</lineWidth>
<points>
<point x="1121" y="758"/>
<point x="918" y="758"/>
</points>
</Connector>
<Connector class="oracle.dbtools.crest.swingui.relational.TVFKRelation" oid="528D26B5-F2F9-7B54-1312-4DA94CCDE9B2" otype="FKIndexAssociation" vid_source="F9C2D53D-26D1-70A4-80F8-25886F4792F4" vid_target="2E0297C3-8341-0C4F-A4DE-2A765657AE1D">
<hideElementsInCurrentOnly>false</hideElementsInCurrentOnly>
<backgroundColor>-16777216</backgroundColor>
<lineWidth>1</lineWidth>
<points>
<point x="853" y="503"/>
<point x="719" y="488"/>
</points>
</Connector>
<Connector class="oracle.dbtools.crest.swingui.relational.TVFKRelation" oid="55D32AC7-0CF5-3354-4553-EE1CB343707F" otype="FKIndexAssociation" vid_source="30E85D53-3817-9FDF-97BA-C9C884FC6072" vid_target="2E0297C3-8341-0C4F-A4DE-2A765657AE1D">
<hideElementsInCurrentOnly>false</hideElementsInCurrentOnly>
<backgroundColor>-16777216</backgroundColor>
<lineWidth>1</lineWidth>
<points>
<point x="668" y="687"/>
<point x="683" y="588"/>
</points>
</Connector>
<Connector class="oracle.dbtools.crest.swingui.relational.TVFKRelation" oid="564976FC-7B4A-D81A-9FC0-7EE03E0A1A0F" otype="FKIndexAssociation" vid_source="7E0098B8-3D70-3C55-F8CD-F86DBCAC7057" vid_target="9720E66F-2D45-BBF7-271A-3BF5EA66A89B">
<hideElementsInCurrentOnly>false</hideElementsInCurrentOnly>
<backgroundColor>-16777216</backgroundColor>
<lineWidth>1</lineWidth>
<points>
<point x="796" y="90"/>
<point x="690" y="90"/>
</points>
</Connector>
<Connector class="oracle.dbtools.crest.swingui.relational.TVFKRelation" oid="5AC3F150-81D3-31FB-4DAF-B7713CE34328" otype="FKIndexAssociation" vid_source="F9C2D53D-26D1-70A4-80F8-25886F4792F4" vid_target="0FC901F1-D34C-FE3E-BED3-632633F166B6">
<hideElementsInCurrentOnly>false</hideElementsInCurrentOnly>
<backgroundColor>-16777216</backgroundColor>
<lineWidth>1</lineWidth>
<points>
<point x="1121" y="669"/>
<point x="918" y="669"/>
</points>
</Connector>
<Connector class="oracle.dbtools.crest.swingui.relational.TVFKRelation" oid="6FE9EF56-C682-DCEE-0B37-287CB5B4491A" otype="FKIndexAssociation" vid_source="F190D34C-8C9C-AE30-1F46-BCE9C842370F" vid_target="2E0297C3-8341-0C4F-A4DE-2A765657AE1D">
<hideElementsInCurrentOnly>false</hideElementsInCurrentOnly>
<backgroundColor>-16777216</backgroundColor>
<lineWidth>1</lineWidth>
<points>
<point x="333" y="272"/>
<point x="527" y="418"/>
</points>
</Connector>
<Connector class="oracle.dbtools.crest.swingui.relational.TVFKRelation" oid="7C7D53C6-520C-53A8-6160-C4556353D23E" otype="FKIndexAssociation" vid_source="5F2D96DA-6C0E-A0D0-5BD0-FD3A47BD2701" vid_target="2E0297C3-8341-0C4F-A4DE-2A765657AE1D">
<hideElementsInCurrentOnly>false</hideElementsInCurrentOnly>
<backgroundColor>-16777216</backgroundColor>
<lineWidth>1</lineWidth>
<points>
<point x="251" y="425"/>
<point x="467" y="425"/>
</points>
</Connector>
<Connector class="oracle.dbtools.crest.swingui.relational.TVFKRelation" oid="C49512C6-7F27-7317-E168-B5D47EB64422" otype="FKIndexAssociation" vid_source="F9C2D53D-26D1-70A4-80F8-25886F4792F4" vid_target="86513AAA-62CC-35AC-13C8-E3981D35A0FF">
<hideElementsInCurrentOnly>false</hideElementsInCurrentOnly>
<backgroundColor>-16777216</backgroundColor>
<lineWidth>1</lineWidth>
<points>
<point x="1121" y="578"/>
<point x="917" y="578"/>
</points>
</Connector>
<Connector class="oracle.dbtools.crest.swingui.relational.TVFKRelation" oid="CD4E6C6F-12CA-AE67-96AC-8F605A2FCEB0" otype="FKIndexAssociation" vid_source="7B9BDDAA-E33E-E0FE-0A17-59268FC979D2" vid_target="2E0297C3-8341-0C4F-A4DE-2A765657AE1D">
<hideElementsInCurrentOnly>false</hideElementsInCurrentOnly>
<backgroundColor>-16777216</backgroundColor>
<lineWidth>1</lineWidth>
<points>
<point x="517" y="686"/>
<point x="502" y="588"/>
</points>
</Connector>
<Connector class="oracle.dbtools.crest.swingui.relational.TVFKRelation" oid="DD1391D5-398E-DD60-AA8C-5C07AB107A3B" otype="FKIndexAssociation" vid_source="F190D34C-8C9C-AE30-1F46-BCE9C842370F" vid_target="9720E66F-2D45-BBF7-271A-3BF5EA66A89B">
<hideElementsInCurrentOnly>false</hideElementsInCurrentOnly>
<backgroundColor>-16777216</backgroundColor>
<lineWidth>1</lineWidth>
<points>
<point x="359" y="93"/>
<point x="471" y="93"/>
</points>
</Connector>
<Connector class="oracle.dbtools.crest.swingui.relational.TVFKRelation" oid="F420976F-D42A-7AA6-FC2C-18E6C8BA3094" otype="FKIndexAssociation" vid_source="32DDC1AB-DF2A-AE84-4232-A47BBD893AC0" vid_target="5D228C56-E933-53A9-394A-5E7E8795AA2B">
<hideElementsInCurrentOnly>false</hideElementsInCurrentOnly>
<backgroundColor>-16777216</backgroundColor>
<lineWidth>1</lineWidth>
<points>
<point x="834" y="268"/>
<point x="672" y="268"/>
</points>
</Connector>
</connectors>
<arcs>
<Arc class="oracle.dbtools.crest.swingui.relational.TVFKArc" oid="AA86657E-B8CD-3724-58D3-FB518302E966" otype="FKArc" vid="04929A02-4C31-DE53-2254-E85A3B9FA843">
<hideElementsInCurrentOnly>false</hideElementsInCurrentOnly>
<bounds x="833" y="379" width="308" height="449"/>
</Arc>
</arcs>
</Diagram>