<?xml version = '1.0' encoding = 'UTF-8'?>
<Relation class="oracle.dbtools.crest.model.design.logical.Relation" name="Relation_1" directorySegmentName="seg_0" id="BB8C0F16-72CD-EE5A-AD6A-5E9938874BD0">
<createdBy>tommy</createdBy>
<createdTime>2021-01-06 16:51:10 UTC</createdTime>
<ownerDesignName>Projekt</ownerDesignName>
<engineerTo>
<item key="35AB4B0B-898C-C36D-4B78-A3621E864C10" value="true"/>
</engineerTo>
<sourcePk>3CC39751-DC02-0DE9-EA6C-832731D3DFD2</sourcePk>
<identifying>false</identifying>
<optionalSource>true</optionalSource>
<optionalTarget>false</optionalTarget>
<sourceCardinality>1</sourceCardinality>
<sourceEntity>F2A2361D-2C17-CEC0-8CDD-58BA8BD85F50</sourceEntity>
<targetCardinalityString>*</targetCardinalityString>
<targetEntity>EFD354AF-F08B-5422-DE08-82BDA8777177</targetEntity>
<transferable>true</transferable>
<deleteRule>NO ACTION</deleteRule>
</Relation>