<?xml version = '1.0' encoding = 'UTF-8'?>
<Relation class="oracle.dbtools.crest.model.design.logical.Relation" name="Relation_15" directorySegmentName="seg_0" id="C3565832-7198-290D-C431-15DEF77921DE">
<createdBy>tommy</createdBy>
<createdTime>2021-01-17 12:12:54 UTC</createdTime>
<ownerDesignName>Projekt</ownerDesignName>
<engineerTo>
<item key="35AB4B0B-898C-C36D-4B78-A3621E864C10" value="true"/>
</engineerTo>
<sourcePk>0C04252E-B43E-DEAD-88CB-FB8A218CDFB7</sourcePk>
<identifying>false</identifying>
<optionalSource>true</optionalSource>
<optionalTarget>false</optionalTarget>
<sourceCardinality>1</sourceCardinality>
<sourceEntity>07CE9EBD-55F1-B68E-58E0-2B04024ED89B</sourceEntity>
<targetCardinalityString>*</targetCardinalityString>
<targetEntity>724298F1-EE3E-E010-36B3-6FE4503EF29C</targetEntity>
<transferable>true</transferable>
<deleteRule>NO ACTION</deleteRule>
</Relation>