<?xml version = '1.0' encoding = 'UTF-8'?>
<Diagram class="oracle.dbtools.crest.swingui.logical.DPVLogical" name="Logical" id="7BDF3EAD-8A32-E929-2303-4AD564A443E3">
<createdBy>tommy</createdBy>
<modifiedBy>tommy</modifiedBy>
<createdTime>2021-01-06 15:18:48 UTC</createdTime>
<autoRoute>false</autoRoute>
<boxInbox>true</boxInbox>
<showLegend>false</showLegend>
<showLabels>false</showLabels>
<showRelAttributes>false</showRelAttributes>
<gridEnabled>false</gridEnabled>
<showGrid>false</showGrid>
<diagramColor>-1</diagramColor>
<display>false</display>
<notation>1</notation>
<objectViews>
<OView class="oracle.dbtools.crest.swingui.logical.TVEntity" oid="07CE9EBD-55F1-B68E-58E0-2B04024ED89B" otype="Entity" vid="D32205C4-4C6C-5DA6-B7DD-12D5D7748BD3">
<hideElementsInCurrentOnly>false</hideElementsInCurrentOnly>
<bounds x="834" y="210" width="170" height="110"/>
<useCustomFormat>true</useCustomFormat>
<useDefaultColor>false</useDefaultColor>
<backgroundColor>-5971457</backgroundColor>
<foregroundColor>-16777216</foregroundColor>
<fonts itemClass="oracle.dbtools.crest.model.design.FontObjectWr">
<FontObject>
<foType>Titel</foType>
<fontSize>16</fontSize>
<fontStyle>1</fontStyle>
<colorRGB>-16777216</colorRGB>
</FontObject>
<FontObject>
<foType>Attribut</foType>
<fontSize>14</fontSize>
<colorRGB>-16777216</colorRGB>
</FontObject>
<FontObject>
<foType>PK-Element</foType>
<colorRGB>-16776961</colorRGB>
</FontObject>
<FontObject>
<foType>Nicht null</foType>
<colorRGB>-65536</colorRGB>
</FontObject>
</fonts>
</OView>
<OView class="oracle.dbtools.crest.swingui.logical.TVEntity" oid="391329BA-CE2D-F9CC-1E23-518FB593FBC7" otype="Entity" vid="D3B689F9-C991-7AEA-8DB5-9846A7D3A8ED">
<hideElementsInCurrentOnly>false</hideElementsInCurrentOnly>
<bounds x="80" y="606" width="170" height="114"/>
<useCustomFormat>true</useCustomFormat>
<useDefaultColor>false</useDefaultColor>
<backgroundColor>-5971457</backgroundColor>
<foregroundColor>-16777216</foregroundColor>
<fonts itemClass="oracle.dbtools.crest.model.design.FontObjectWr">
<FontObject>
<foType>Titel</foType>
<fontSize>16</fontSize>
<fontStyle>1</fontStyle>
<colorRGB>-16777216</colorRGB>
</FontObject>
<FontObject>
<foType>Attribut</foType>
<fontSize>14</fontSize>
<colorRGB>-16777216</colorRGB>
</FontObject>
<FontObject>
<foType>PK-Element</foType>
<colorRGB>-16776961</colorRGB>
</FontObject>
<FontObject>
<foType>Nicht null</foType>
<colorRGB>-65536</colorRGB>
</FontObject>
</fonts>
</OView>
<OView class="oracle.dbtools.crest.swingui.logical.TVEntity" oid="6236E12B-0185-B302-1ECD-4650BCF0EE5F" otype="Entity" vid="8F2F911D-914B-66CE-EB79-3E4F57B37F0A">
<hideElementsInCurrentOnly>false</hideElementsInCurrentOnly>
<bounds x="378" y="686" width="190" height="110"/>
<useCustomFormat>true</useCustomFormat>
<useDefaultColor>false</useDefaultColor>
<backgroundColor>-5971457</backgroundColor>
<foregroundColor>-16777216</foregroundColor>
<fonts itemClass="oracle.dbtools.crest.model.design.FontObjectWr">
<FontObject>
<foType>Titel</foType>
<fontSize>16</fontSize>
<fontStyle>1</fontStyle>
<colorRGB>-16777216</colorRGB>
</FontObject>
<FontObject>
<foType>Attribut</foType>
<fontSize>14</fontSize>
<colorRGB>-16777216</colorRGB>
</FontObject>
<FontObject>
<foType>PK-Element</foType>
<colorRGB>-16776961</colorRGB>
</FontObject>
<FontObject>
<foType>Nicht null</foType>
<colorRGB>-65536</colorRGB>
</FontObject>
</fonts>
</OView>
<OView class="oracle.dbtools.crest.swingui.logical.TVEntity" oid="724298F1-EE3E-E010-36B3-6FE4503EF29C" otype="Entity" vid="68A84436-B381-64F7-7B86-E379148E3B93">
<hideElementsInCurrentOnly>false</hideElementsInCurrentOnly>
<bounds x="502" y="216" width="170" height="110"/>
<useCustomFormat>true</useCustomFormat>
<useDefaultColor>false</useDefaultColor>
<backgroundColor>-5971457</backgroundColor>
<foregroundColor>-16777216</foregroundColor>
<fonts itemClass="oracle.dbtools.crest.model.design.FontObjectWr">
<FontObject>
<foType>Titel</foType>
<fontSize>16</fontSize>
<fontStyle>1</fontStyle>
<colorRGB>-16777216</colorRGB>
</FontObject>
<FontObject>
<foType>Attribut</foType>
<fontSize>14</fontSize>
<colorRGB>-16777216</colorRGB>
</FontObject>
<FontObject>
<foType>PK-Element</foType>
<colorRGB>-16776961</colorRGB>
</FontObject>
<FontObject>
<foType>Nicht null</foType>
<colorRGB>-65536</colorRGB>
</FontObject>
</fonts>
</OView>
<OView class="oracle.dbtools.crest.swingui.logical.TVEntity" oid="74C8C921-A466-4F80-0F5D-DB222D6B311D" otype="Entity" vid="66E63481-EC2E-3198-7403-908FD227EEE3">
<hideElementsInCurrentOnly>false</hideElementsInCurrentOnly>
<bounds x="853" y="399" width="268" height="409"/>
<useCustomFormat>true</useCustomFormat>
<useDefaultColor>false</useDefaultColor>
<backgroundColor>-5971457</backgroundColor>
<foregroundColor>-16777216</foregroundColor>
<fonts itemClass="oracle.dbtools.crest.model.design.FontObjectWr">
<FontObject>
<foType>Titel</foType>
<fontSize>16</fontSize>
<fontStyle>1</fontStyle>
<colorRGB>-16777216</colorRGB>
</FontObject>
<FontObject>
<foType>Attribut</foType>
<fontSize>14</fontSize>
<colorRGB>-16777216</colorRGB>
</FontObject>
<FontObject>
<foType>PK-Element</foType>
<colorRGB>-16776961</colorRGB>
</FontObject>
<FontObject>
<foType>Nicht null</foType>
<colorRGB>-65536</colorRGB>
</FontObject>
</fonts>
</OView>
<OView class="oracle.dbtools.crest.swingui.logical.TVEntity" oid="76076452-EE29-1793-441E-4F5F32B52F38" otype="Entity" vid="DFB20642-3C33-F24F-18AF-19FADA85B331">
<hideElementsInCurrentOnly>false</hideElementsInCurrentOnly>
<bounds x="77" y="319" width="174" height="114"/>
<useCustomFormat>true</useCustomFormat>
<useDefaultColor>false</useDefaultColor>
<backgroundColor>-5971457</backgroundColor>
<foregroundColor>-16777216</foregroundColor>
<fonts itemClass="oracle.dbtools.crest.model.design.FontObjectWr">
<FontObject>
<foType>Titel</foType>
<fontSize>16</fontSize>
<fontStyle>1</fontStyle>
<colorRGB>-16777216</colorRGB>
</FontObject>
<FontObject>
<foType>Attribut</foType>
<fontSize>14</fontSize>
<colorRGB>-16777216</colorRGB>
</FontObject>
<FontObject>
<foType>PK-Element</foType>
<colorRGB>-16776961</colorRGB>
</FontObject>
<FontObject>
<foType>Nicht null</foType>
<colorRGB>-65536</colorRGB>
</FontObject>
</fonts>
</OView>
<OView class="oracle.dbtools.crest.swingui.logical.TVEntity" oid="8B2D91CC-16D0-B321-880E-7983B9211BB8" otype="Entity" vid="9BDA46C8-A700-187D-C411-C713859FAA64">
<hideElementsInCurrentOnly>false</hideElementsInCurrentOnly>
<bounds x="81" y="464" width="171" height="111"/>
<useCustomFormat>true</useCustomFormat>
<useDefaultColor>false</useDefaultColor>
<backgroundColor>-5971457</backgroundColor>
<foregroundColor>-16777216</foregroundColor>
<fonts itemClass="oracle.dbtools.crest.model.design.FontObjectWr">
<FontObject>
<foType>Titel</foType>
<fontSize>16</fontSize>
<fontStyle>1</fontStyle>
<colorRGB>-16777216</colorRGB>
</FontObject>
<FontObject>
<foType>Attribut</foType>
<fontSize>14</fontSize>
<colorRGB>-16777216</colorRGB>
</FontObject>
<FontObject>
<foType>PK-Element</foType>
<colorRGB>-16776961</colorRGB>
</FontObject>
<FontObject>
<foType>Nicht null</foType>
<colorRGB>-65536</colorRGB>
</FontObject>
</fonts>
</OView>
<OView class="oracle.dbtools.crest.swingui.logical.TVEntity" oid="8FA6C843-9554-65D2-FEFC-BF05CEF7095D" otype="Entity" vid="FE30FD97-0C91-C7A1-1905-DF63C494D415">
<hideElementsInCurrentOnly>false</hideElementsInCurrentOnly>
<bounds x="617" y="687" width="173" height="109"/>
<useCustomFormat>true</useCustomFormat>
<useDefaultColor>false</useDefaultColor>
<backgroundColor>-5971457</backgroundColor>
<foregroundColor>-16777216</foregroundColor>
<fonts itemClass="oracle.dbtools.crest.model.design.FontObjectWr">
<FontObject>
<foType>Titel</foType>
<fontSize>16</fontSize>
<fontStyle>1</fontStyle>
<colorRGB>-16777216</colorRGB>
</FontObject>
<FontObject>
<foType>Attribut</foType>
<fontSize>14</fontSize>
<colorRGB>-16777216</colorRGB>
</FontObject>
<FontObject>
<foType>PK-Element</foType>
<colorRGB>-16776961</colorRGB>
</FontObject>
<FontObject>
<foType>Nicht null</foType>
<colorRGB>-65536</colorRGB>
</FontObject>
</fonts>
</OView>
<OView class="oracle.dbtools.crest.swingui.logical.TVEntity" oid="909C1188-5429-3BCC-E364-64F7531BDDDC" otype="Entity" vid="8DBF0819-B33E-200C-03B2-EA4D1D71F205">
<hideElementsInCurrentOnly>false</hideElementsInCurrentOnly>
<bounds x="918" y="719" width="132" height="79"/>
<useCustomFormat>true</useCustomFormat>
<useDefaultColor>false</useDefaultColor>
<backgroundColor>-5971457</backgroundColor>
<foregroundColor>-16777216</foregroundColor>
<fonts itemClass="oracle.dbtools.crest.model.design.FontObjectWr">
<FontObject>
<foType>Titel</foType>
<fontSize>16</fontSize>
<fontStyle>1</fontStyle>
<colorRGB>-16777216</colorRGB>
</FontObject>
<FontObject>
<foType>Attribut</foType>
<fontSize>14</fontSize>
<colorRGB>-16777216</colorRGB>
</FontObject>
<FontObject>
<foType>PK-Element</foType>
<colorRGB>-16776961</colorRGB>
</FontObject>
<FontObject>
<foType>Nicht null</foType>
<colorRGB>-65536</colorRGB>
</FontObject>
</fonts>
</OView>
<OView class="oracle.dbtools.crest.swingui.logical.TVEntity" oid="C9CE2032-3AAC-8D78-A118-36E8196473FA" otype="Entity" vid="D2C7CA4A-F839-480D-D439-7A8BA3D63080">
<hideElementsInCurrentOnly>false</hideElementsInCurrentOnly>
<bounds x="918" y="630" width="132" height="79"/>
<useCustomFormat>true</useCustomFormat>
<useDefaultColor>false</useDefaultColor>
<backgroundColor>-5971457</backgroundColor>
<foregroundColor>-16777216</foregroundColor>
<fonts itemClass="oracle.dbtools.crest.model.design.FontObjectWr">
<FontObject>
<foType>Titel</foType>
<fontSize>16</fontSize>
<fontStyle>1</fontStyle>
<colorRGB>-16777216</colorRGB>
</FontObject>
<FontObject>
<foType>Attribut</foType>
<fontSize>14</fontSize>
<colorRGB>-16777216</colorRGB>
</FontObject>
<FontObject>
<foType>PK-Element</foType>
<colorRGB>-16776961</colorRGB>
</FontObject>
<FontObject>
<foType>Nicht null</foType>
<colorRGB>-65536</colorRGB>
</FontObject>
</fonts>
</OView>
<OView class="oracle.dbtools.crest.swingui.logical.TVEntity" oid="E178316E-FC38-8B91-28E9-2A5957B7B968" otype="Entity" vid="1AB58C91-45DF-5B97-723A-201D88287801">
<hideElementsInCurrentOnly>false</hideElementsInCurrentOnly>
<bounds x="467" y="418" width="252" height="170"/>
<useCustomFormat>true</useCustomFormat>
<useDefaultColor>false</useDefaultColor>
<backgroundColor>-5971457</backgroundColor>
<foregroundColor>-16777216</foregroundColor>
<fonts itemClass="oracle.dbtools.crest.model.design.FontObjectWr">
<FontObject>
<foType>Titel</foType>
<fontSize>16</fontSize>
<fontStyle>1</fontStyle>
<colorRGB>-16777216</colorRGB>
</FontObject>
<FontObject>
<foType>Attribut</foType>
<fontSize>14</fontSize>
<colorRGB>-16777216</colorRGB>
</FontObject>
<FontObject>
<foType>PK-Element</foType>
<colorRGB>-16776961</colorRGB>
</FontObject>
<FontObject>
<foType>Nicht null</foType>
<colorRGB>-65536</colorRGB>
</FontObject>
</fonts>
</OView>
<OView class="oracle.dbtools.crest.swingui.logical.TVEntity" oid="E52C4A1F-2BAE-006C-BB31-DB20E330DD98" otype="Entity" vid="5BD2DE38-5022-F90E-9063-AF673321D0FF">
<hideElementsInCurrentOnly>false</hideElementsInCurrentOnly>
<bounds x="917" y="538" width="134" height="81"/>
<useCustomFormat>true</useCustomFormat>
<useDefaultColor>false</useDefaultColor>
<backgroundColor>-5971457</backgroundColor>
<foregroundColor>-16777216</foregroundColor>
<fonts itemClass="oracle.dbtools.crest.model.design.FontObjectWr">
<FontObject>
<foType>Titel</foType>
<fontSize>16</fontSize>
<fontStyle>1</fontStyle>
<colorRGB>-16777216</colorRGB>
</FontObject>
<FontObject>
<foType>Attribut</foType>
<fontSize>14</fontSize>
<colorRGB>-16777216</colorRGB>
</FontObject>
<FontObject>
<foType>PK-Element</foType>
<colorRGB>-16776961</colorRGB>
</FontObject>
<FontObject>
<foType>Nicht null</foType>
<colorRGB>-65536</colorRGB>
</FontObject>
</fonts>
</OView>
<OView class="oracle.dbtools.crest.swingui.logical.TVEntity" oid="EFD354AF-F08B-5422-DE08-82BDA8777177" otype="Entity" vid="F9908A2D-E221-1FA3-A58F-9DE0AC414957">
<hideElementsInCurrentOnly>false</hideElementsInCurrentOnly>
<bounds x="471" y="11" width="219" height="159"/>
<useCustomFormat>true</useCustomFormat>
<useDefaultColor>false</useDefaultColor>
<backgroundColor>-5971457</backgroundColor>
<foregroundColor>-16777216</foregroundColor>
<fonts itemClass="oracle.dbtools.crest.model.design.FontObjectWr">
<FontObject>
<foType>Titel</foType>
<fontSize>16</fontSize>
<fontStyle>1</fontStyle>
<colorRGB>-16777216</colorRGB>
</FontObject>
<FontObject>
<foType>Attribut</foType>
<fontSize>14</fontSize>
<colorRGB>-16777216</colorRGB>
</FontObject>
<FontObject>
<foType>PK-Element</foType>
<colorRGB>-16776961</colorRGB>
</FontObject>
<FontObject>
<foType>Nicht null</foType>
<colorRGB>-65536</colorRGB>
</FontObject>
</fonts>
</OView>
<OView class="oracle.dbtools.crest.swingui.logical.TVEntity" oid="F2A2361D-2C17-CEC0-8CDD-58BA8BD85F50" otype="Entity" vid="7DB10860-134D-7876-5761-B47B0BFBB274">
<hideElementsInCurrentOnly>false</hideElementsInCurrentOnly>
<bounds x="20" y="16" width="339" height="256"/>
<useCustomFormat>true</useCustomFormat>
<useDefaultColor>false</useDefaultColor>
<backgroundColor>-5971457</backgroundColor>
<foregroundColor>-16777216</foregroundColor>
<fonts itemClass="oracle.dbtools.crest.model.design.FontObjectWr">
<FontObject>
<foType>Titel</foType>
<fontSize>16</fontSize>
<fontStyle>1</fontStyle>
<colorRGB>-16777216</colorRGB>
</FontObject>
<FontObject>
<foType>Attribut</foType>
<fontSize>14</fontSize>
<colorRGB>-16777216</colorRGB>
</FontObject>
<FontObject>
<foType>PK-Element</foType>
<colorRGB>-16776961</colorRGB>
</FontObject>
<FontObject>
<foType>Nicht null</foType>
<colorRGB>-65536</colorRGB>
</FontObject>
</fonts>
</OView>
<OView class="oracle.dbtools.crest.swingui.logical.TVEntity" oid="F46D1439-1AF4-56F2-2A23-7FFE10E8A52D" otype="Entity" vid="6ECE5EE6-7179-876E-2D34-5643B3E8AA03">
<hideElementsInCurrentOnly>false</hideElementsInCurrentOnly>
<bounds x="796" y="7" width="206" height="164"/>
<useCustomFormat>true</useCustomFormat>
<useDefaultColor>false</useDefaultColor>
<backgroundColor>-5971457</backgroundColor>
<foregroundColor>-16777216</foregroundColor>
<fonts itemClass="oracle.dbtools.crest.model.design.FontObjectWr">
<FontObject>
<foType>Titel</foType>
<fontSize>16</fontSize>
<fontStyle>1</fontStyle>
<colorRGB>-16777216</colorRGB>
</FontObject>
<FontObject>
<foType>Attribut</foType>
<fontSize>14</fontSize>
<colorRGB>-16777216</colorRGB>
</FontObject>
<FontObject>
<foType>PK-Element</foType>
<colorRGB>-16776961</colorRGB>
</FontObject>
<FontObject>
<foType>Nicht null</foType>
<colorRGB>-65536</colorRGB>
</FontObject>
</fonts>
</OView>
</objectViews>
<connectors>
<Connector class="oracle.dbtools.crest.swingui.logical.TVRelation" oid="0ACB97F0-860A-9D78-2A8E-334DD65B2CB9" otype="Relation" vid_source="8F2F911D-914B-66CE-EB79-3E4F57B37F0A" vid_target="1AB58C91-45DF-5B97-723A-201D88287801">
<hideElementsInCurrentOnly>false</hideElementsInCurrentOnly>
<backgroundColor>-16777216</backgroundColor>
<lineWidth>1</lineWidth>
<points>
<point x="517" y="686"/>
<point x="517" y="588"/>
</points>
</Connector>
<Connector class="oracle.dbtools.crest.swingui.logical.TVInheritanceRelation" oid="18083737-1C60-30BD-339F-76E0F34E4CA9" otype="Hierarchy relation" vid_source="66E63481-EC2E-3198-7403-908FD227EEE3" vid_target="D2C7CA4A-F839-480D-D439-7A8BA3D63080">
<hideElementsInCurrentOnly>false</hideElementsInCurrentOnly>
<backgroundColor>-65536</backgroundColor>
<lineWidth>1</lineWidth>
</Connector>
<Connector class="oracle.dbtools.crest.swingui.logical.TVRelation" oid="3ACD52B9-4A1A-7C08-FFEC-D8A934710566" otype="Relation" vid_source="D3B689F9-C991-7AEA-8DB5-9846A7D3A8ED" vid_target="1AB58C91-45DF-5B97-723A-201D88287801">
<hideElementsInCurrentOnly>false</hideElementsInCurrentOnly>
<backgroundColor>-16777216</backgroundColor>
<lineWidth>1</lineWidth>
<points>
<point x="250" y="631"/>
<point x="467" y="550"/>
</points>
</Connector>
<Connector class="oracle.dbtools.crest.swingui.logical.TVRelation" oid="3D964B5E-A5A9-FDDC-31B5-392FD65C4894" otype="Relation" vid_source="7DB10860-134D-7876-5761-B47B0BFBB274" vid_target="1AB58C91-45DF-5B97-723A-201D88287801">
<hideElementsInCurrentOnly>false</hideElementsInCurrentOnly>
<backgroundColor>-16777216</backgroundColor>
<lineWidth>1</lineWidth>
<points>
<point x="333" y="272"/>
<point x="497" y="418"/>
</points>
</Connector>
<Connector class="oracle.dbtools.crest.swingui.logical.TVInheritanceRelation" oid="419A5E76-E3CD-0515-4113-E85ABAE9F7EE" otype="Hierarchy relation" vid_source="66E63481-EC2E-3198-7403-908FD227EEE3" vid_target="5BD2DE38-5022-F90E-9063-AF673321D0FF">
<hideElementsInCurrentOnly>false</hideElementsInCurrentOnly>
<backgroundColor>-65536</backgroundColor>
<lineWidth>1</lineWidth>
</Connector>
<Connector class="oracle.dbtools.crest.swingui.logical.TVRelation" oid="5B626F80-3300-E70C-3B3B-1E6208D9C971" otype="Relation" vid_source="FE30FD97-0C91-C7A1-1905-DF63C494D415" vid_target="1AB58C91-45DF-5B97-723A-201D88287801">
<hideElementsInCurrentOnly>false</hideElementsInCurrentOnly>
<backgroundColor>-16777216</backgroundColor>
<lineWidth>1</lineWidth>
<points>
<point x="668" y="687"/>
<point x="668" y="588"/>
</points>
</Connector>
<Connector class="oracle.dbtools.crest.swingui.logical.TVRelation" oid="81313001-1CB6-4499-B24B-BDAA2117E64C" otype="Relation" vid_source="66E63481-EC2E-3198-7403-908FD227EEE3" vid_target="1AB58C91-45DF-5B97-723A-201D88287801">
<hideElementsInCurrentOnly>false</hideElementsInCurrentOnly>
<backgroundColor>-16777216</backgroundColor>
<lineWidth>1</lineWidth>
<points>
<point x="853" y="503"/>
<point x="719" y="503"/>
</points>
</Connector>
<Connector class="oracle.dbtools.crest.swingui.logical.TVRelation" oid="8F63268C-68A9-18D5-DEE7-B56BCDDFB10B" otype="Relation" vid_source="9BDA46C8-A700-187D-C411-C713859FAA64" vid_target="1AB58C91-45DF-5B97-723A-201D88287801">
<hideElementsInCurrentOnly>false</hideElementsInCurrentOnly>
<backgroundColor>-16777216</backgroundColor>
<lineWidth>1</lineWidth>
<points>
<point x="252" y="519"/>
<point x="467" y="519"/>
</points>
</Connector>
<Connector class="oracle.dbtools.crest.swingui.logical.TVRelation" oid="B31667A7-8ED9-B1D0-82FB-AC1C539B6845" otype="Relation" vid_source="7DB10860-134D-7876-5761-B47B0BFBB274" vid_target="68A84436-B381-64F7-7B86-E379148E3B93">
<hideElementsInCurrentOnly>false</hideElementsInCurrentOnly>
<backgroundColor>-16777216</backgroundColor>
<lineWidth>1</lineWidth>
<points>
<point x="359" y="244"/>
<point x="502" y="244"/>
</points>
</Connector>
<Connector class="oracle.dbtools.crest.swingui.logical.TVRelation" oid="BB8C0F16-72CD-EE5A-AD6A-5E9938874BD0" otype="Relation" vid_source="7DB10860-134D-7876-5761-B47B0BFBB274" vid_target="F9908A2D-E221-1FA3-A58F-9DE0AC414957">
<hideElementsInCurrentOnly>false</hideElementsInCurrentOnly>
<backgroundColor>-16777216</backgroundColor>
<lineWidth>1</lineWidth>
<points>
<point x="359" y="93"/>
<point x="471" y="93"/>
</points>
</Connector>
<Connector class="oracle.dbtools.crest.swingui.logical.TVRelation" oid="C3565832-7198-290D-C431-15DEF77921DE" otype="Relation" vid_source="D32205C4-4C6C-5DA6-B7DD-12D5D7748BD3" vid_target="68A84436-B381-64F7-7B86-E379148E3B93">
<hideElementsInCurrentOnly>false</hideElementsInCurrentOnly>
<backgroundColor>-16777216</backgroundColor>
<lineWidth>1</lineWidth>
<points>
<point x="834" y="268"/>
<point x="672" y="268"/>
</points>
</Connector>
<Connector class="oracle.dbtools.crest.swingui.logical.TVRelation" oid="C57F6DD3-0A03-B2B8-EE46-B224CC5D996A" otype="Relation" vid_source="DFB20642-3C33-F24F-18AF-19FADA85B331" vid_target="1AB58C91-45DF-5B97-723A-201D88287801">
<hideElementsInCurrentOnly>false</hideElementsInCurrentOnly>
<backgroundColor>-16777216</backgroundColor>
<lineWidth>1</lineWidth>
<points>
<point x="251" y="425"/>
<point x="467" y="425"/>
</points>
</Connector>
<Connector class="oracle.dbtools.crest.swingui.logical.TVInheritanceRelation" oid="C6B35265-5282-63FE-F146-455065845BD9" otype="Hierarchy relation" vid_source="66E63481-EC2E-3198-7403-908FD227EEE3" vid_target="8DBF0819-B33E-200C-03B2-EA4D1D71F205">
<hideElementsInCurrentOnly>false</hideElementsInCurrentOnly>
<backgroundColor>-65536</backgroundColor>
<lineWidth>1</lineWidth>
</Connector>
<Connector class="oracle.dbtools.crest.swingui.logical.TVRelation" oid="E2016BD1-0CE6-254A-EA32-91975819A9F0" otype="Relation" vid_source="6ECE5EE6-7179-876E-2D34-5643B3E8AA03" vid_target="F9908A2D-E221-1FA3-A58F-9DE0AC414957">
<hideElementsInCurrentOnly>false</hideElementsInCurrentOnly>
<backgroundColor>-16777216</backgroundColor>
<lineWidth>1</lineWidth>
<points>
<point x="796" y="90"/>
<point x="690" y="90"/>
</points>
</Connector>
</connectors>
</Diagram>