<?xml version = '1.0' encoding = 'UTF-8'?>
<Entity class="oracle.dbtools.crest.model.design.logical.Entity" directorySegmentName="seg_0" id="724298F1-EE3E-E010-36B3-6FE4503EF29C" name="Verleihhistorie">
<createdBy>tommy</createdBy>
<createdTime>2021-01-17 12:08:27 UTC</createdTime>
<ownerDesignName>Filme</ownerDesignName>
<engineerTo>
<item key="35AB4B0B-898C-C36D-4B78-A3621E864C10" value="true"/>
</engineerTo>
<adequatelyNormalized>NO</adequatelyNormalized>
<expectedVolumes>0</expectedVolumes>
<fwdEngineeringStrategyName>Single Table</fwdEngineeringStrategyName>
<growthPercent>0</growthPercent>
<growthType>Year</growthType>
<maxVolumes>9999999</maxVolumes>
<minVolumes>0</minVolumes>
<normalForm>Third</normalForm>
<attributes itemClass="oracle.dbtools.crest.model.design.logical.Attribute">
<Attribute name="Ausleih Datum" id="D47ED6D3-34E4-1964-F1F0-D2900D36DF25">
<createdBy>tommy</createdBy>
<createdTime>2021-01-17 12:10:56 UTC</createdTime>
<ownerDesignName>Filme</ownerDesignName>
<engineerTo>
<item key="35AB4B0B-898C-C36D-4B78-A3621E864C10" value="true"/>
</engineerTo>
<useDomainConstraints>false</useDomainConstraints>
<use>1</use>
<logicalDatatype>LOGDT008</logicalDatatype>
<ownDataTypeParameters>,,</ownDataTypeParameters>
</Attribute>
<Attribute name="Rückgabe Datum" id="EF9EB818-DE00-A4D5-ED4B-1E6046C6CA0B">
<createdBy>tommy</createdBy>
<createdTime>2021-01-17 12:11:12 UTC</createdTime>
<ownerDesignName>Filme</ownerDesignName>
<engineerTo>
<item key="35AB4B0B-898C-C36D-4B78-A3621E864C10" value="true"/>
</engineerTo>
<useDomainConstraints>false</useDomainConstraints>
<use>1</use>
<logicalDatatype>LOGDT008</logicalDatatype>
<ownDataTypeParameters>,,</ownDataTypeParameters>
</Attribute>
<Attribute name="ID_Film" id="FFCC79E8-0B7E-8013-2495-D8A134F09B6E">
<createdBy>tommy</createdBy>
<createdTime>2021-01-20 14:47:22 UTC</createdTime>
<generatorID>C806ABB9-E018-3271-5D6D-D9A53F07B463</generatorID>
<ownerDesignName>Filme</ownerDesignName>
<engineerTo>
<item key="35AB4B0B-898C-C36D-4B78-A3621E864C10" value="true"/>
</engineerTo>
<referedAttribute>752B78F6-9D9C-ED4E-4A87-EB939F156940</referedAttribute>
<useDomainConstraints>false</useDomainConstraints>
<use>1</use>
<logicalDatatype>LOGDT011</logicalDatatype>
<ownDataTypeParameters>,,</ownDataTypeParameters>
</Attribute>
<Attribute name="ID" id="4CE667A4-F818-8183-D9B8-67F4E03734F1">
<createdBy>tommy</createdBy>
<createdTime>2021-01-20 14:47:57 UTC</createdTime>
<generatorID>501FC4DE-1E43-D684-7557-0B35C21466B3</generatorID>
<ownerDesignName>Filme</ownerDesignName>
<engineerTo>
<item key="35AB4B0B-898C-C36D-4B78-A3621E864C10" value="true"/>
</engineerTo>
<referedAttribute>669E564A-CF86-C9A5-15F0-6CDCEDCDF7CB</referedAttribute>
<useDomainConstraints>false</useDomainConstraints>
<use>1</use>
<ownDataTypeParameters>,,</ownDataTypeParameters>
</Attribute>
</attributes>
<identifiers itemClass="oracle.dbtools.crest.model.design.logical.CandidateKey">
<identifier id="F4B6081F-078F-5330-BBAF-667CD4E6D6B8" name="Verleihhistorie PK">
<createdBy>tommy</createdBy>
<createdTime>2021-01-17 12:10:58 UTC</createdTime>
<ownerDesignName>Filme</ownerDesignName>
<shouldEngineer>false</shouldEngineer>
<engineerTo>
<item key="35AB4B0B-898C-C36D-4B78-A3621E864C10" value="false"/>
</engineerTo>
<pk>true</pk>
<usedAttributes>
<attributeRef>D47ED6D3-34E4-1964-F1F0-D2900D36DF25</attributeRef>
<attributeRef>FFCC79E8-0B7E-8013-2495-D8A134F09B6E</attributeRef>
</usedAttributes>
</identifier>
</identifiers>
</Entity>
