<?xml version = '1.0' encoding = 'UTF-8'?>
<Entity class="oracle.dbtools.crest.model.design.logical.Entity" directorySegmentName="seg_0" id="BFCD24FB-BDEA-4951-9B8D-392644F18AF8" name="Details_Sprache">
<createdBy>tommy</createdBy>
<createdTime>2021-01-20 15:37:28 UTC</createdTime>
<ownerDesignName>Filme</ownerDesignName>
<engineerTo>
<item key="35AB4B0B-898C-C36D-4B78-A3621E864C10" value="true"/>
</engineerTo>
<adequatelyNormalized>NO</adequatelyNormalized>
<expectedVolumes>0</expectedVolumes>
<fwdEngineeringStrategyName>Single Table</fwdEngineeringStrategyName>
<growthPercent>0</growthPercent>
<growthType>Year</growthType>
<maxVolumes>9999999</maxVolumes>
<minVolumes>0</minVolumes>
<normalForm>Third</normalForm>
<attributes itemClass="oracle.dbtools.crest.model.design.logical.Attribute">
<Attribute name="ID_Film" id="65DF96D5-1F41-2B10-448E-E221689286DB">
<createdBy>tommy</createdBy>
<createdTime>2021-01-20 15:40:48 UTC</createdTime>
<generatorID>B36AC511-2253-DCB8-F199-35CDFD92BEB5</generatorID>
<ownerDesignName>Filme</ownerDesignName>
<engineerTo>
<item key="35AB4B0B-898C-C36D-4B78-A3621E864C10" value="true"/>
</engineerTo>
<referedAttribute>752B78F6-9D9C-ED4E-4A87-EB939F156940</referedAttribute>
<useDomainConstraints>false</useDomainConstraints>
<use>1</use>
<logicalDatatype>LOGDT011</logicalDatatype>
<ownDataTypeParameters>,,</ownDataTypeParameters>
</Attribute>
<Attribute name="ID" id="877C3A5E-F4A5-6570-3AAF-0C141A87621B">
<createdBy>tommy</createdBy>
<createdTime>2021-01-20 15:42:55 UTC</createdTime>
<generatorID>6DA94059-113C-9183-418C-4C3458AAFD56</generatorID>
<ownerDesignName>Filme</ownerDesignName>
<engineerTo>
<item key="35AB4B0B-898C-C36D-4B78-A3621E864C10" value="true"/>
</engineerTo>
<referedAttribute>5AC02693-B4A0-010A-0B47-E7EE0CFF7A48</referedAttribute>
<useDomainConstraints>false</useDomainConstraints>
<use>1</use>
<logicalDatatype>LOGDT011</logicalDatatype>
<ownDataTypeParameters>,,</ownDataTypeParameters>
</Attribute>
</attributes>
</Entity>
